"Identifier","Frequency","Languages"
"to_prep",57,"Dutch"
"to_prep",57,"Middle English"
"to_prep",57,"Old English"
"to_prep",57,"Frisian"
"to_prep",57,"German"
"to_prep",57,"Old High German"
"to_prep",57,"Germanic"
"to_prep",57,"Greek"
"to_prep",57,"Irish"
"to_prep",57,"Old Irish"
"to_prep",57,"Latin"
"to_prep",57,"Lithuanian"
"to_prep",57,"Church Slavonic"
"to_prep",57,"Old Church Slavonic"
"ordinary_adj",1,"French"
"ordinary_adj",1,"Old French"
"ordinary_adj",1,"Latin"
"reader_n",1,"Dutch"
"reader_n",1,"Old English"
"reader_n",1,"German"
"reader_n",1,"Old High German"
"of_prep",186,"Dutch"
"of_prep",186,"Middle English"
"of_prep",186,"Old English"
"of_prep",186,"French"
"of_prep",186,"Old French"
"of_prep",186,"Frisian"
"of_prep",186,"German"
"of_prep",186,"Germanic"
"of_prep",186,"Latin"
"of_prep",186,"Old Norse"
"be_v",181,"Middle English"
"be_v",181,"Old English"
"be_v",181,"German"
"be_v",181,"Old High German"
"be_v",181,"Germanic"
"be_v",181,"Greek"
"be_v",181,"Irish"
"be_v",181,"Old Irish"
"be_v",181,"Latin"
"be_v",181,"Lithuanian"
"be_v",181,"Church Slavonic"
"be_v",181,"Old Church Slavonic"
"be_v",181,"Russian"
"represent_v",1,"French"
"represent_v",1,"Old French"
"represent_v",1,"Latin"
"by_prep",24,"Dutch"
"by_prep",24,"Middle Dutch"
"by_prep",24,"Middle English"
"by_prep",24,"Old English"
"by_prep",24,"Frisian"
"by_prep",24,"German"
"by_prep",24,"Germanic"
"by_prep",24,"Gothic"
"selection_n",2,"French"
"selection_n",2,"Latin"
"triumph_n",4,"French"
"triumph_n",4,"Old French"
"triumph_n",4,"Greek"
"triumph_n",4,"Latin"
"such_adj",8,"Dutch"
"such_adj",8,"Middle Dutch"
"such_adj",8,"Old English"
"such_adj",8,"Frisian"
"such_adj",8,"German"
"such_adj",8,"Old High German"
"such_adj",8,"Germanic"
"such_adj",8,"Gothic"
"such_adj",8,"Old Norse"
"as_adv",10,"Old English"
"as_adv",10,"German"
"as_adv",10,"Middle High German"
"as_adv",10,"Latin"
"as_conj",18,"Old English"
"as_conj",18,"German"
"as_conj",18,"Middle High German"
"as_conj",18,"Latin"
"and_conj",115,"Dutch"
"and_conj",115,"Middle Dutch"
"and_conj",115,"Old English"
"and_conj",115,"Frisian"
"and_conj",115,"German"
"and_conj",115,"Old High German"
"and_conj",115,"Germanic"
"and_conj",115,"Old Norse"
"aeroplane_n",1,"French"
"aeroplane_n",1,"Ancient Greek"
"aeroplane_n",1,"Greek"
"aeroplane_n",1,"Latin"
"activity_n",3,"French"
"activity_n",3,"Old French"
"activity_n",3,"Latin"
"marvel_n",1,"French"
"marvel_n",1,"Old French"
"marvel_n",1,"Italian"
"marvel_n",1,"Latin"
"marvel_n",1,"Portuguese"
"marvel_n",1,"Spanish"
"modern_adj",2,"French"
"modern_adj",2,"Greek"
"modern_adj",2,"Latin"
"alchemy_n",1,"Arabic"
"alchemy_n",1,"Egyptian"
"alchemy_n",1,"French"
"alchemy_n",1,"Old French"
"alchemy_n",1,"Greek"
"alchemy_n",1,"Latin"
"it_pron",55,"Dutch"
"it_pron",55,"Middle English"
"it_pron",55,"Old English"
"it_pron",55,"Frisian"
"it_pron",55,"German"
"it_pron",55,"Germanic"
"it_pron",55,"Gothic"
"aspect_n",8,"Latin"
"science_n",28,"Old English"
"science_n",28,"French"
"science_n",28,"Old French"
"science_n",28,"Gothic"
"science_n",28,"Greek"
"science_n",28,"Latin"
"that_pron",21,"Dutch"
"that_pron",21,"Middle Dutch"
"that_pron",21,"Middle English"
"that_pron",21,"Old English"
"that_pron",21,"Frisian"
"that_pron",21,"German"
"that_pron",21,"Germanic"
"wish_n",1,"Dutch"
"wish_n",1,"Middle Dutch"
"wish_n",1,"German"
"wish_n",1,"Old High German"
"wish_n",1,"Old Norse"
"wish_v",4,"Danish"
"wish_v",4,"Dutch"
"wish_v",4,"Middle Dutch"
"wish_v",4,"Old English"
"wish_v",4,"German"
"wish_v",4,"Old High German"
"wish_v",4,"Germanic"
"wish_v",4,"Old Norse"
"wish_v",4,"Swedish"
"speak_v",3,"Danish"
"speak_v",3,"Dutch"
"speak_v",3,"Middle Dutch"
"speak_v",3,"Middle English"
"speak_v",3,"Old English"
"speak_v",3,"Frisian"
"speak_v",3,"German"
"speak_v",3,"Old High German"
"speak_v",3,"Germanic"
"speak_v",3,"Greek"
"speak_v",3,"Indo-European"
"speak_v",3,"Old Norse"
"in_adv",1,"Dutch"
"in_adv",1,"Middle English"
"in_adv",1,"Old English"
"in_adv",1,"Frisian"
"in_adv",1,"German"
"in_adv",1,"Germanic"
"in_adv",1,"Gothic"
"in_adv",1,"Old Norse"
"in_prep",75,"Dutch"
"in_prep",75,"Middle English"
"in_prep",75,"Old English"
"in_prep",75,"Frisian"
"in_prep",75,"German"
"in_prep",75,"Germanic"
"in_prep",75,"Gothic"
"in_prep",75,"Old Norse"
"detach_v",2,"French"
"detach_v",2,"Old French"
"up_adv",1,"Danish"
"up_adv",1,"Dutch"
"up_adv",1,"Old English"
"up_adv",1,"Frisian"
"up_adv",1,"German"
"up_adv",1,"Old High German"
"up_adv",1,"Germanic"
"up_adv",1,"Gothic"
"up_adv",1,"Old Norse"
"fragment_n",1,"Latin"
"they_pron",23,"Danish"
"they_pron",23,"Old English"
"they_pron",23,"German"
"they_pron",23,"Germanic"
"they_pron",23,"Old Norse"
"they_pron",23,"Swedish"
"something_pron",4,"Middle English"
"something_pron",4,"Old English"
"more_adj",3,"Avestan"
"more_adj",3,"Dutch"
"more_adj",3,"Middle Dutch"
"more_adj",3,"Middle English"
"more_adj",3,"Old English"
"more_adj",3,"Frisian"
"more_adj",3,"German"
"more_adj",3,"Old High German"
"more_adj",3,"Germanic"
"more_adj",3,"Gothic"
"more_adj",3,"Greek"
"more_adj",3,"Irish"
"more_adj",3,"Old Irish"
"more_adj",3,"Old Norse"
"more_adj",3,"Welsh"
"display_v",2,"French"
"display_v",2,"Old French"
"display_v",2,"Latin"
"nothing_pron",4,"Middle English"
"nothing_pron",4,"Old English"
"system_n",4,"Greek"
"system_n",4,"Latin"
"construct_v",1,"Latin"
"knowledge_n",6,"Middle English"
"knowledge_n",6,"Italian"
"which_pron",53,"Dutch"
"which_pron",53,"Middle Dutch"
"which_pron",53,"Middle English"
"which_pron",53,"Old English"
"which_pron",53,"Frisian"
"which_pron",53,"German"
"which_pron",53,"Old High German"
"which_pron",53,"Germanic"
"which_pron",53,"Gothic"
"which_pron",53,"Old Norse"
"which_pron",53,"Swedish"
"almost_adv",8,"Old English"
"casual_adj",1,"French"
"casual_adj",1,"Old French"
"casual_adj",1,"Latin"
"incident_n",1,"French"
"incident_n",1,"Old French"
"incident_n",1,"Latin"
"have_v",28,"Old English"
"have_v",28,"Frisian"
"have_v",28,"German"
"have_v",28,"Germanic"
"have_v",28,"Gothic"
"have_v",28,"Latin"
"have_v",28,"Old Norse"
"come_v",2,"Dutch"
"come_v",2,"Middle Dutch"
"come_v",2,"Middle English"
"come_v",2,"Old English"
"come_v",2,"Frisian"
"come_v",2,"German"
"come_v",2,"Old High German"
"come_v",2,"Germanic"
"come_v",2,"Gothic"
"come_v",2,"Old Norse"
"interest_n",8,"Middle English"
"interest_n",8,"French"
"interest_n",8,"Old French"
"interest_n",8,"German"
"interest_n",8,"Latin"
"man_n",22,"Armenian"
"man_n",22,"Danish"
"man_n",22,"Dutch"
"man_n",22,"Middle English"
"man_n",22,"Old English"
"man_n",22,"Frisian"
"man_n",22,"German"
"man_n",22,"Old High German"
"man_n",22,"Germanic"
"man_n",22,"Gothic"
"man_n",22,"Greek"
"man_n",22,"Irish"
"man_n",22,"Old Irish"
"man_n",22,"Latin"
"man_n",22,"Lithuanian"
"man_n",22,"Old Norse"
"man_n",22,"Sanskrit"
"man_n",22,"Slavic"
"man_n",22,"Swedish"
"man_n",22,"Welsh"
"street_n",1,"Danish"
"street_n",1,"Dutch"
"street_n",1,"Middle Dutch"
"street_n",1,"Middle English"
"street_n",1,"Old English"
"street_n",1,"French"
"street_n",1,"Old French"
"street_n",1,"Frisian"
"street_n",1,"German"
"street_n",1,"Old High German"
"street_n",1,"Germanic"
"street_n",1,"Italian"
"street_n",1,"Latin"
"street_n",1,"Spanish"
"street_n",1,"Swedish"
"increase_v",3,"French"
"increase_v",3,"Old French"
"increase_v",3,"Latin"
"command_n",1,"French"
"command_n",1,"Old French"
"over_adv",1,"Old English"
"over_adv",1,"Frisian"
"over_adv",1,"German"
"over_adv",1,"Old High German"
"over_adv",1,"Germanic"
"over_adv",1,"Gothic"
"over_adv",1,"Old Norse"
"over_prep",2,"Old English"
"over_prep",2,"Frisian"
"over_prep",2,"German"
"over_prep",2,"Old High German"
"over_prep",2,"Germanic"
"over_prep",2,"Gothic"
"over_prep",2,"Old Norse"
"force_n",2,"French"
"force_n",2,"Old French"
"force_n",2,"Italian"
"force_n",2,"Latin"
"force_n",2,"Spanish"
"nature_n",8,"French"
"nature_n",8,"Old French"
"nature_n",8,"Ga"
"nature_n",8,"Latin"
"derive_v",4,"French"
"derive_v",4,"Old French"
"derive_v",4,"Latin"
"from_prep",18,"Old English"
"from_prep",18,"German"
"from_prep",18,"Old High German"
"from_prep",18,"Germanic"
"from_prep",18,"Gothic"
"from_prep",18,"Old Norse"
"sufficient_adj",1,"French"
"sufficient_adj",1,"Old French"
"sufficient_adj",1,"Latin"
"reason_n",8,"Middle English"
"reason_n",8,"French"
"reason_n",8,"Old French"
"reason_n",8,"Latin"
"for_prep",15,"Danish"
"for_prep",15,"Dutch"
"for_prep",15,"Middle Dutch"
"for_prep",15,"Middle English"
"for_prep",15,"Old English"
"for_prep",15,"Frisian"
"for_prep",15,"German"
"for_prep",15,"Germanic"
"for_prep",15,"Gothic"
"encourage_v",1,"French"
"encourage_v",1,"Old French"
"scientific_adj",20,"French"
"scientific_adj",20,"Greek"
"scientific_adj",20,"Latin"
"research_n",1,"French"
"research_n",1,"Old French"
"so_adv",14,"Danish"
"so_adv",14,"Dutch"
"so_adv",14,"Middle Dutch"
"so_adv",14,"Middle English"
"so_adv",14,"Old English"
"so_adv",14,"Frisian"
"so_adv",14,"German"
"so_adv",14,"Old High German"
"so_adv",14,"Germanic"
"so_adv",14,"Gothic"
"so_adv",14,"Greek"
"so_adv",14,"Latin"
"so_adv",14,"Old Norse"
"so_adv",14,"Swedish"
"often_adv",3,"Middle English"
"urge_v",1,"Old English"
"urge_v",1,"Gothic"
"urge_v",1,"Latin"
"urge_v",1,"Lithuanian"
"urge_v",1,"Church Slavonic"
"urge_v",1,"Old Church Slavonic"
"appreciate_v",1,"Latin"
"other_adj",5,"Danish"
"other_adj",5,"Dutch"
"other_adj",5,"Middle Dutch"
"other_adj",5,"Old English"
"other_adj",5,"Frisian"
"other_adj",5,"German"
"other_adj",5,"Old High German"
"other_adj",5,"Germanic"
"other_adj",5,"Gothic"
"other_adj",5,"Latin"
"other_adj",5,"Lithuanian"
"other_adj",5,"Old Norse"
"other_adj",5,"Swedish"
"mind_n",10,"Old English"
"mind_n",10,"German"
"mind_n",10,"Germanic"
"mind_n",10,"Gothic"
"mind_n",10,"Old Norse"
"quite_adv",5,"Middle English"
"important_adj",4,"Latin"
"apt_adj",3,"French"
"apt_adj",3,"Old French"
"apt_adj",3,"Hittite"
"apt_adj",3,"Latin"
"apt_adj",3,"Sanskrit"
"overlook_v",1,"Middle English"
"with_prep",19,"Avestan"
"with_prep",19,"Dutch"
"with_prep",19,"Middle Dutch"
"with_prep",19,"Middle English"
"with_prep",19,"Old English"
"with_prep",19,"French"
"with_prep",19,"German"
"with_prep",19,"Germanic"
"with_prep",19,"Gothic"
"with_prep",19,"Latin"
"with_prep",19,"Old Norse"
"with_prep",19,"Church Slavonic"
"with_prep",19,"Old Church Slavonic"
"with_prep",19,"Sanskrit"
"intrinsic_adj",2,"French"
"intrinsic_adj",2,"Old French"
"intrinsic_adj",2,"Latin"
"value_n",6,"French"
"value_n",6,"Old French"
"value_n",6,"German"
"value_n",6,"Latin"
"habit_n",8,"French"
"habit_n",8,"Old French"
"habit_n",8,"Latin"
"form_n",1,"French"
"form_n",1,"Old French"
"form_n",1,"Greek"
"form_n",1,"Latin"
"form_v",3,"French"
"form_v",3,"Old French"
"form_v",3,"Latin"
"we_pron",43,"Danish"
"we_pron",43,"Dutch"
"we_pron",43,"Old English"
"we_pron",43,"Frisian"
"we_pron",43,"German"
"we_pron",43,"Old High German"
"we_pron",43,"Germanic"
"we_pron",43,"Gothic"
"we_pron",43,"Hittite"
"we_pron",43,"Lithuanian"
"we_pron",43,"Old Norse"
"we_pron",43,"Church Slavonic"
"we_pron",43,"Old Church Slavonic"
"we_pron",43,"Persian"
"we_pron",43,"Old Persian"
"we_pron",43,"Sanskrit"
"on_adv",1,"Avestan"
"on_adv",1,"Dutch"
"on_adv",1,"Old English"
"on_adv",1,"German"
"on_adv",1,"Germanic"
"on_adv",1,"Gothic"
"on_adv",1,"Greek"
"on_adv",1,"Latin"
"on_adv",1,"Lithuanian"
"on_adv",1,"Church Slavonic"
"on_adv",1,"Old Church Slavonic"
"on_prep",12,"Avestan"
"on_prep",12,"Dutch"
"on_prep",12,"Old English"
"on_prep",12,"German"
"on_prep",12,"Germanic"
"on_prep",12,"Gothic"
"on_prep",12,"Greek"
"on_prep",12,"Latin"
"on_prep",12,"Lithuanian"
"on_prep",12,"Church Slavonic"
"on_prep",12,"Old Church Slavonic"
"world_n",10,"Dutch"
"world_n",10,"Old English"
"world_n",10,"Frisian"
"world_n",10,"German"
"world_n",10,"Old High German"
"world_n",10,"Germanic"
"world_n",10,"Gothic"
"world_n",10,"Greek"
"world_n",10,"Indo-European"
"world_n",10,"Irish"
"world_n",10,"Latin"
"world_n",10,"Lithuanian"
"world_n",10,"Old Norse"
"world_n",10,"Church Slavonic"
"world_n",10,"Old Church Slavonic"
"shall_v",4,"Dutch"
"shall_v",4,"Middle Dutch"
"shall_v",4,"Middle English"
"shall_v",4,"Old English"
"shall_v",4,"Frisian"
"shall_v",4,"German"
"shall_v",4,"Old High German"
"shall_v",4,"Germanic"
"shall_v",4,"Gothic"
"shall_v",4,"Lithuanian"
"shall_v",4,"Old Norse"
"shall_v",4,"Slavic"
"shall_v",4,"Swedish"
"what_pron",15,"Danish"
"what_pron",15,"Dutch"
"what_pron",15,"Old English"
"what_pron",15,"Frisian"
"what_pron",15,"German"
"what_pron",15,"Old High German"
"what_pron",15,"Germanic"
"what_pron",15,"Gothic"
"what_pron",15,"Latin"
"what_pron",15,"Old Norse"
"follow_v",2,"Dutch"
"follow_v",2,"Middle Dutch"
"follow_v",2,"Middle English"
"follow_v",2,"Old English"
"follow_v",2,"Frisian"
"follow_v",2,"German"
"follow_v",2,"Old High German"
"follow_v",2,"Germanic"
"follow_v",2,"Old Norse"
"instance_n",1,"French"
"instance_n",1,"Old French"
"instance_n",1,"Greek"
"instance_n",1,"Latin"
"serve_v",1,"Avestan"
"serve_v",1,"French"
"serve_v",1,"Old French"
"serve_v",1,"Latin"
"illustrate_v",1,"Latin"
"difference_n",1,"French"
"difference_n",1,"Old French"
"difference_n",1,"Latin"
"between_prep",1,"Middle English"
"between_prep",1,"Old English"
"between_prep",1,"Gothic"
"point_n",2,"Middle English"
"point_n",2,"French"
"point_n",2,"Old French"
"point_n",2,"Latin"
"view_n",4,"French"
"view_n",4,"Old French"
"view_n",4,"Latin"
"serious_adj",2,"Middle English"
"serious_adj",2,"Old English"
"serious_adj",2,"French"
"serious_adj",2,"Old French"
"serious_adj",2,"German"
"serious_adj",2,"Gothic"
"serious_adj",2,"Latin"
"serious_adj",2,"Lithuanian"
"intellectual_adj",5,"French"
"intellectual_adj",5,"Old French"
"intellectual_adj",5,"Latin"
"require_v",5,"French"
"require_v",5,"Old French"
"require_v",5,"Latin"
"possibility_n",2,"French"
"possibility_n",2,"Old French"
"possibility_n",2,"Latin"
"invention_n",1,"Middle English"
"invention_n",1,"French"
"invention_n",1,"Old French"
"invention_n",1,"Latin"
"layer_n",1,"French"
"experiment_n",1,"French"
"experiment_n",1,"Old French"
"experiment_n",1,"Latin"
"theory_n",5,"Greek"
"theory_n",5,"Latin"
"build_v",2,"Middle English"
"build_v",2,"Old English"
"build_v",2,"Frisian"
"build_v",2,"German"
"build_v",2,"Germanic"
"demonstrate_v",1,"Latin"
"identity_n",1,"French"
"identity_n",1,"Latin"
"wave_n",1,"Middle English"
"wave_n",1,"Old English"
"wave_n",1,"Frisian"
"wave_n",1,"German"
"wave_n",1,"Old High German"
"wave_n",1,"Germanic"
"wave_n",1,"Gothic"
"wave_n",1,"Old Norse"
"discover_v",3,"Middle English"
"discover_v",3,"French"
"discover_v",3,"Old French"
"discover_v",3,"Latin"
"profound_adj",1,"French"
"profound_adj",1,"Old French"
"profound_adj",1,"Latin"
"bring_v",1,"Celtic"
"bring_v",1,"Dutch"
"bring_v",1,"Middle Dutch"
"bring_v",1,"Old English"
"bring_v",1,"Frisian"
"bring_v",1,"German"
"bring_v",1,"Old High German"
"bring_v",1,"Germanic"
"bring_v",1,"Gothic"
"bring_v",1,"Welsh"
"together_adv",1,"Old English"
"together_adv",1,"German"
"together_adv",1,"Old High German"
"together_adv",1,"Germanic"
"unify_v",1,"French"
"unify_v",1,"Latin"
"endless_adj",1,"Dutch"
"endless_adj",1,"Old English"
"endless_adj",1,"German"
"variety_n",3,"French"
"variety_n",3,"Latin"
"cumulative_adj",2,"Latin"
"mental_adj",7,"Middle English"
"mental_adj",7,"Latin"
"power_n",1,"French"
"power_n",1,"Old French"
"power_n",1,"German"
"power_n",1,"Italian"
"power_n",1,"Latin"
"power_n",1,"Spanish"
"afford_v",1,"Middle English"
"afford_v",1,"Old English"
"afford_v",1,"Latin"
"delight_n",2,"French"
"delight_n",2,"Old French"
"delight_n",2,"Latin"
"generous_adj",1,"French"
"generous_adj",1,"Latin"
"spirit_n",6,"Middle English"
"spirit_n",6,"French"
"spirit_n",6,"Old French"
"spirit_n",6,"Ga"
"spirit_n",6,"Greek"
"spirit_n",6,"Hebrew"
"spirit_n",6,"Latin"
"spirit_n",6,"Church Slavonic"
"spirit_n",6,"Old Church Slavonic"
"detail_n",1,"French"
"detail_n",1,"Old French"
"remain_v",3,"French"
"remain_v",3,"Old French"
"remain_v",3,"Italian"
"remain_v",3,"Latin"
"remain_v",3,"Spanish"
"adjust_v",1,"French"
"adjust_v",1,"Old French"
"adjust_v",1,"Latin"
"order_n",2,"Old English"
"order_n",2,"French"
"order_n",2,"Old French"
"order_n",2,"Latin"
"practical_adj",1,"French"
"practical_adj",1,"Old French"
"practical_adj",1,"Greek"
"practical_adj",1,"Latin"
"demand_v",1,"French"
"demand_v",1,"Old French"
"demand_v",1,"Latin"
"doubt_n",1,"French"
"doubt_n",1,"Old French"
"considerable_adj",1,"Latin"
"ingenuity_n",1,"Middle English"
"ingenuity_n",1,"French"
"ingenuity_n",1,"Latin"
"broad_adj",1,"Dutch"
"broad_adj",1,"Old English"
"broad_adj",1,"Frisian"
"broad_adj",1,"German"
"broad_adj",1,"Germanic"
"broad_adj",1,"Gothic"
"broad_adj",1,"Old Norse"
"universality_n",1,"French"
"universality_n",1,"Old French"
"universality_n",1,"Latin"
"could_v",1,"Old English"
"give_v",6,"Danish"
"give_v",6,"Dutch"
"give_v",6,"Middle Dutch"
"give_v",6,"Middle English"
"give_v",6,"Old English"
"give_v",6,"Frisian"
"give_v",6,"German"
"give_v",6,"Old High German"
"give_v",6,"Germanic"
"give_v",6,"Gothic"
"give_v",6,"Old Norse"
"object_n",2,"French"
"object_n",2,"Old French"
"object_n",2,"Latin"
"disinterested_adj",2,"French"
"disinterested_adj",2,"Old French"
"contemplation_n",1,"French"
"contemplation_n",1,"Old French"
"contemplation_n",1,"Latin"
"well_adv",3,"Dutch"
"well_adv",3,"Old English"
"well_adv",3,"Frisian"
"well_adv",3,"German"
"well_adv",3,"Old High German"
"well_adv",3,"Germanic"
"well_adv",3,"Gothic"
"well_adv",3,"Latin"
"well_adv",3,"Old Norse"
"well_adv",3,"Church Slavonic"
"well_adv",3,"Old Church Slavonic"
"well_adv",3,"Sanskrit"
"well_adv",3,"Welsh"
"inform_v",1,"French"
"inform_v",1,"Old French"
"inform_v",1,"Latin"
"impersonal_adj",2,"Latin"
"constitute_v",2,"Latin"
"culture_n",5,"Latin"
"good_adj",1,"Dutch"
"good_adj",1,"Middle Dutch"
"good_adj",1,"Middle English"
"good_adj",1,"Old English"
"good_adj",1,"Frisian"
"good_adj",1,"German"
"good_adj",1,"Old High German"
"good_adj",1,"Germanic"
"good_adj",1,"Gothic"
"good_adj",1,"Latin"
"good_adj",1,"Lithuanian"
"good_adj",1,"Old Norse"
"good_adj",1,"Church Slavonic"
"good_adj",1,"Old Church Slavonic"
"good_adj",1,"Russian"
"good_adj",1,"Sanskrit"
"sense_n",9,"Old English"
"sense_n",9,"French"
"sense_n",9,"Old French"
"sense_n",9,"German"
"sense_n",9,"Old High German"
"sense_n",9,"Irish"
"sense_n",9,"Old Irish"
"sense_n",9,"Latin"
"sense_n",9,"Welsh"
"this_pron",7,"Dutch"
"this_pron",7,"Middle Dutch"
"this_pron",7,"Middle English"
"this_pron",7,"Old English"
"this_pron",7,"Frisian"
"this_pron",7,"German"
"this_pron",7,"Old High German"
"this_pron",7,"Germanic"
"this_pron",7,"Old Norse"
"much_adj",2,"Middle English"
"much_adj",2,"Old English"
"much_adj",2,"German"
"much_adj",2,"Germanic"
"word_n",4,"Dutch"
"word_n",4,"Old English"
"word_n",4,"Frisian"
"word_n",4,"German"
"word_n",4,"Old High German"
"word_n",4,"Germanic"
"word_n",4,"Gothic"
"word_n",4,"Latin"
"word_n",4,"Old Norse"
"seem_v",8,"Danish"
"seem_v",8,"Middle English"
"seem_v",8,"Old English"
"seem_v",8,"German"
"seem_v",8,"Germanic"
"seem_v",8,"Old Norse"
"indisputable_adj",1,"Latin"
"literary_adj",1,"French"
"literary_adj",1,"Latin"
"education_n",20,"French"
"education_n",20,"Latin"
"superior_adj",2,"French"
"superior_adj",2,"Old French"
"superior_adj",2,"Latin"
"advocate_n",1,"Middle English"
"advocate_n",1,"Old English"
"advocate_n",1,"French"
"advocate_n",1,"Old French"
"advocate_n",1,"Latin"
"claim_n",1,"French"
"claim_n",1,"Old French"
"contention_n",1,"French"
"contention_n",1,"Old French"
"contention_n",1,"Latin"
"ought_v",2,"Middle English"
"ought_v",2,"Old English"
"sacrifice_v",2,"Middle English"
"sacrifice_v",2,"French"
"sacrifice_v",2,"Old French"
"utility_n",2,"French"
"utility_n",2,"Old French"
"utility_n",2,"Latin"
"who_pron",5,"Danish"
"who_pron",5,"Dutch"
"who_pron",5,"Old English"
"who_pron",5,"Frisian"
"who_pron",5,"German"
"who_pron",5,"Old High German"
"who_pron",5,"Germanic"
"who_pron",5,"Gothic"
"who_pron",5,"Swedish"
"when_adv",5,"Dutch"
"when_adv",5,"Middle Dutch"
"when_adv",5,"Old English"
"when_adv",5,"Frisian"
"when_adv",5,"German"
"when_adv",5,"Old High German"
"when_adv",5,"Germanic"
"when_adv",5,"Latin"
"associate_v",2,"French"
"associate_v",2,"Old French"
"associate_v",2,"Latin"
"learn_v",4,"Dutch"
"learn_v",4,"Middle Dutch"
"learn_v",4,"Old English"
"learn_v",4,"Frisian"
"learn_v",4,"German"
"learn_v",4,"Old High German"
"learn_v",4,"Germanic"
"learn_v",4,"Gothic"
"classic_n",2,"Greek"
"classic_n",2,"Latin"
"admit_v",2,"Middle English"
"admit_v",2,"French"
"admit_v",2,"Old French"
"admit_v",2,"Latin"
"certain_adj",10,"French"
"certain_adj",10,"Old French"
"certain_adj",10,"Greek"
"certain_adj",10,"Italian"
"certain_adj",10,"Latin"
"certain_adj",10,"Spanish"
"inferiority_n",2,"Latin"
"side_n",1,"Danish"
"side_n",1,"Dutch"
"side_n",1,"Middle Dutch"
"side_n",1,"Old English"
"side_n",1,"German"
"side_n",1,"Old High German"
"side_n",1,"Germanic"
"side_n",1,"Old Norse"
"side_n",1,"Swedish"
"compensate_v",1,"Latin"
"humanity_n",1,"French"
"humanity_n",1,"Old French"
"humanity_n",1,"Latin"
"no_adv",4,"Chinese"
"no_adv",4,"Middle English"
"no_adv",4,"Old English"
"no_adv",4,"Frisian"
"no_adv",4,"German"
"no_adv",4,"Old High German"
"no_adv",4,"Germanic"
"no_adv",4,"Gothic"
"no_adv",4,"Old Norse"
"real_adj",2,"Avestan"
"real_adj",2,"Middle English"
"real_adj",2,"French"
"real_adj",2,"Old French"
"real_adj",2,"Latin"
"real_adj",2,"Sanskrit"
"long_adv",1,"Old English"
"attitude_n",7,"French"
"attitude_n",7,"Italian"
"attitude_n",7,"Latin"
"exist_v",1,"Middle English"
"exist_v",1,"French"
"exist_v",1,"Latin"
"among_prep",1,"Old English"
"among_prep",1,"Frisian"
"among_prep",1,"German"
"among_prep",1,"Germanic"
"verify_v",1,"French"
"verify_v",1,"Old French"
"verify_v",1,"Latin"
"itself_pron",5,"Old English"
"little_adj",2,"Dutch"
"little_adj",2,"Old English"
"little_adj",2,"French"
"little_adj",2,"German"
"little_adj",2,"Old High German"
"little_adj",2,"Germanic"
"little_n",1,"Old English"
"attempt_v",3,"French"
"attempt_v",3,"Old French"
"attempt_v",3,"Italian"
"attempt_v",3,"Latin"
"attempt_v",3,"Portuguese"
"attempt_v",3,"Provençal"
"attempt_v",3,"Old Provençal"
"attempt_v",3,"Spanish"
"make_v",7,"Dutch"
"make_v",7,"Middle Dutch"
"make_v",7,"Old English"
"make_v",7,"Frisian"
"make_v",7,"German"
"make_v",7,"Old High German"
"make_v",7,"Germanic"
"make_v",7,"Latin"
"make_v",7,"Mari"
"preserve_v",2,"French"
"preserve_v",2,"Old French"
"preserve_v",2,"Latin"
"systematic_adj",1,"French"
"systematic_adj",1,"Greek"
"systematic_adj",1,"Latin"
"quality_n",3,"French"
"quality_n",3,"Old French"
"quality_n",3,"Greek"
"quality_n",3,"Latin"
"if_conj",6,"Dutch"
"if_conj",6,"Old English"
"if_conj",6,"Frisian"
"if_conj",6,"German"
"if_conj",6,"Old High German"
"if_conj",6,"Germanic"
"if_conj",6,"Old Norse"
"if_conj",6,"Swedish"
"there_adv",1,"Dutch"
"there_adv",1,"Middle Dutch"
"there_adv",1,"Old English"
"there_adv",1,"Frisian"
"there_adv",1,"German"
"there_adv",1,"Low German"
"there_adv",1,"Old High German"
"there_adv",1,"Germanic"
"there_adv",1,"Gothic"
"there_adv",1,"Old Norse"
"there_adv",1,"Sanskrit"
"fact_n",4,"Middle English"
"fact_n",4,"French"
"fact_n",4,"Old French"
"fact_n",4,"Italian"
"fact_n",4,"Latin"
"fact_n",4,"Spanish"
"suppose_v",3,"French"
"suppose_v",3,"Old French"
"suppose_v",3,"Latin"
"educational_adj",2,"Japanese"
"believe_v",2,"Dutch"
"believe_v",2,"Middle English"
"believe_v",2,"Old English"
"believe_v",2,"German"
"believe_v",2,"Old High German"
"believe_v",2,"Germanic"
"not_adv",10,"Middle English"
"fault_n",2,"French"
"fault_n",2,"Old French"
"fault_n",2,"Latin"
"teach_v",2,"Old English"
"teach_v",2,"German"
"teach_v",2,"Old High German"
"teach_v",2,"Germanic"
"teach_v",2,"Gothic"
"full_adj",3,"Dutch"
"full_adj",3,"Middle English"
"full_adj",3,"Old English"
"full_adj",3,"Frisian"
"full_adj",3,"German"
"full_adj",3,"Old High German"
"full_adj",3,"Germanic"
"full_adj",3,"Gothic"
"full_adj",3,"Old Norse"
"those_pron",3,"Old English"
"its_pron",14,"Middle English"
"capacity_n",2,"French"
"capacity_n",2,"Old French"
"capacity_n",2,"Latin"
"produce_v",1,"Latin"
"excellence_n",2,"French"
"excellence_n",2,"Old French"
"excellence_n",2,"Latin"
"at_prep",7,"Dutch"
"at_prep",7,"Middle English"
"at_prep",7,"Old English"
"at_prep",7,"Frisian"
"at_prep",7,"German"
"at_prep",7,"Old High German"
"at_prep",7,"Germanic"
"at_prep",7,"Gothic"
"at_prep",7,"Old Norse"
"great_adj",5,"Dutch"
"great_adj",5,"Middle English"
"great_adj",5,"Old English"
"great_adj",5,"Frisian"
"great_adj",5,"German"
"great_adj",5,"Germanic"
"great_adj",5,"North American Indian"
"great_adj",5,"Ojibwa"
"literature_n",4,"Old English"
"literature_n",4,"German"
"literature_n",4,"Italian"
"literature_n",4,"Latin"
"literature_n",4,"Spanish"
"say_v",6,"Danish"
"say_v",6,"Dutch"
"say_v",6,"Middle Dutch"
"say_v",6,"Middle English"
"say_v",6,"Old English"
"say_v",6,"Frisian"
"say_v",6,"German"
"say_v",6,"Old High German"
"say_v",6,"Germanic"
"say_v",6,"Hittite"
"say_v",6,"Irish"
"say_v",6,"Old Irish"
"say_v",6,"Latin"
"say_v",6,"Lithuanian"
"say_v",6,"Old Norse"
"say_v",6,"Church Slavonic"
"say_v",6,"Old Church Slavonic"
"disparage_v",1,"French"
"disparage_v",1,"Old French"
"classical_adj",2,"Mende"
"myself_pron",1,"Old English"
"enjoy_v",1,"Old English"
"enjoy_v",1,"French"
"enjoy_v",1,"Old French"
"enjoy_v",1,"Latin"
"benefit_n",1,"French"
"benefit_n",1,"Old French"
"benefit_n",1,"Latin"
"author_n",1,"Middle English"
"author_n",1,"French"
"author_n",1,"Old French"
"author_n",1,"Greek"
"author_n",1,"Latin"
"wholly_adv",5,"Old English"
"translation_n",1,"French"
"translation_n",1,"Old French"
"translation_n",1,"Latin"
"persuade_v",1,"French"
"persuade_v",1,"Latin"
"fully_adv",2,"Danish"
"fully_adv",2,"Dutch"
"fully_adv",2,"Old English"
"fully_adv",2,"German"
"deserve_v",1,"French"
"deserve_v",1,"Old French"
"deserve_v",1,"Latin"
"admiration_n",2,"French"
"admiration_n",2,"Old French"
"admiration_n",2,"Latin"
"upon_prep",6,"Old English"
"upon_prep",6,"Old Norse"
"loss_n",1,"Middle English"
"loss_n",1,"Old English"
"loss_n",1,"German"
"loss_n",1,"Germanic"
"attack_v",1,"French"
"attack_v",1,"Italian"
"draw_v",1,"Dutch"
"draw_v",1,"Middle Dutch"
"draw_v",1,"Old English"
"draw_v",1,"Frisian"
"draw_v",1,"Ga"
"draw_v",1,"German"
"draw_v",1,"Old High German"
"draw_v",1,"Germanic"
"draw_v",1,"Old Norse"
"attention_n",3,"French"
"attention_n",3,"Old French"
"attention_n",3,"Latin"
"neglect_v",1,"Latin"
"conduct_v",1,"Latin"
"argument_n",1,"French"
"argument_n",1,"Old French"
"argument_n",1,"Latin"
"defect_n",1,"French"
"defect_n",1,"Old French"
"defect_n",1,"Latin"
"inherent_adj",1,"Latin"
"too_adv",3,"Old English"
"too_adv",3,"German"
"exclusive_adj",2,"Latin"
"emphasis_n",1,"Greek"
"emphasis_n",1,"Latin"
"study_n",7,"Middle English"
"study_n",7,"French"
"study_n",7,"Old French"
"study_n",7,"Latin"
"never_adv",2,"Middle English"
"never_adv",2,"Old English"
"never_adv",2,"French"
"never_adv",2,"Italian"
"never_adv",2,"Latin"
"never_adv",2,"Spanish"
"renew_v",1,"Middle English"
"renew_v",1,"German"
"renew_v",1,"Germanic"
"renew_v",1,"Latin"
"future_adj",1,"French"
"future_adj",1,"Old French"
"future_adj",1,"Latin"
"future_n",4,"Latin"
"engender_v",2,"French"
"engender_v",2,"Old French"
"engender_v",2,"Latin"
"direct_adj",1,"French"
"direct_adj",1,"Old French"
"direct_adj",1,"Latin"
"therefore_adv",4,"Danish"
"therefore_adv",4,"Dutch"
"therefore_adv",4,"Middle English"
"therefore_adv",4,"Old English"
"therefore_adv",4,"German"
"student_n",2,"Old English"
"student_n",2,"French"
"student_n",2,"Old French"
"student_n",2,"Latin"
"become_v",5,"Dutch"
"become_v",5,"Middle English"
"become_v",5,"Old English"
"become_v",5,"German"
"become_v",5,"Old High German"
"become_v",5,"Germanic"
"become_v",5,"Gothic"
"blind_adj",1,"Dutch"
"blind_adj",1,"Old English"
"blind_adj",1,"Frisian"
"blind_adj",1,"Ga"
"blind_adj",1,"German"
"blind_adj",1,"Germanic"
"blind_adj",1,"Gothic"
"blind_adj",1,"Old Norse"
"new_adj",3,"Danish"
"new_adj",3,"Dutch"
"new_adj",3,"Middle Dutch"
"new_adj",3,"Middle English"
"new_adj",3,"Old English"
"new_adj",3,"Frisian"
"new_adj",3,"German"
"new_adj",3,"Old High German"
"new_adj",3,"Germanic"
"new_adj",3,"Gothic"
"new_adj",3,"Greek"
"new_adj",3,"Hittite"
"new_adj",3,"Irish"
"new_adj",3,"Old Irish"
"new_adj",3,"Latin"
"new_adj",3,"Lithuanian"
"new_adj",3,"Church Slavonic"
"new_adj",3,"Old Church Slavonic"
"new_adj",3,"Persian"
"new_adj",3,"Russian"
"new_adj",3,"Sanskrit"
"new_adj",3,"Swedish"
"new_adj",3,"Welsh"
"grow_v",4,"Dutch"
"grow_v",4,"Middle English"
"grow_v",4,"Old English"
"grow_v",4,"Frisian"
"grow_v",4,"German"
"grow_v",4,"Old High German"
"grow_v",4,"Germanic"
"grow_v",4,"Old Norse"
"crude_adj",1,"Latin"
"insolent_adj",1,"Old English"
"insolent_adj",1,"German"
"insolent_adj",1,"Old High German"
"insolent_adj",1,"Latin"
"insolent_adj",1,"Church Slavonic"
"insolent_adj",1,"Old Church Slavonic"
"insolent_adj",1,"Russian"
"sensitive_adj",1,"French"
"sensitive_adj",1,"Old French"
"sensitive_adj",1,"Ga"
"sensitive_adj",1,"Latin"
"sensitive_adj",1,"Mari"
"taste_n",2,"French"
"taste_n",2,"Old French"
"taste_n",2,"German"
"taste_n",2,"Russian"
"quiver_v",1,"Dutch"
"quiver_v",1,"Middle Dutch"
"quiver_v",1,"Old English"
"rough_adj",2,"Dutch"
"rough_adj",2,"Middle Dutch"
"rough_adj",2,"Middle English"
"rough_adj",2,"Old English"
"rough_adj",2,"German"
"rough_adj",2,"Old High German"
"rough_adj",2,"Germanic"
"rough_adj",2,"Latin"
"rough_adj",2,"Lithuanian"
"rough_adj",2,"Sanskrit"
"contact_n",2,"Latin"
"he_pron",19,"Dutch"
"he_pron",19,"Middle Dutch"
"he_pron",19,"Middle English"
"he_pron",19,"Old English"
"he_pron",19,"Frisian"
"he_pron",19,"German"
"he_pron",19,"Old High German"
"he_pron",19,"Germanic"
"retire_v",1,"French"
"retire_v",1,"Old French"
"garden_n",1,"Old English"
"garden_n",1,"French"
"garden_n",1,"Old French"
"garden_n",1,"Frisian"
"garden_n",1,"Ga"
"garden_n",1,"German"
"garden_n",1,"Old High German"
"garden_n",1,"Germanic"
"garden_n",1,"Gothic"
"garden_n",1,"Italian"
"garden_n",1,"Latin"
"garden_n",1,"Spanish"
"reclaim_v",1,"Middle English"
"reclaim_v",1,"French"
"reclaim_v",1,"Old French"
"reclaim_v",1,"Latin"
"wilderness_n",1,"Dutch"
"wilderness_n",1,"Old English"
"wilderness_n",1,"German"
"earth_n",1,"Dutch"
"earth_n",1,"Middle Dutch"
"earth_n",1,"Old English"
"earth_n",1,"Frisian"
"earth_n",1,"German"
"earth_n",1,"Old High German"
"earth_n",1,"Germanic"
"earth_n",1,"Gothic"
"earth_n",1,"Old Norse"
"whom_pron",1,"Old English"
"whom_pron",1,"German"
"whom_pron",1,"Germanic"
"shrink_v",1,"Dutch"
"shrink_v",1,"Middle Dutch"
"shrink_v",1,"Middle English"
"shrink_v",1,"Old English"
"shrink_v",1,"German"
"shrink_v",1,"Germanic"
"shrink_v",1,"Swedish"
"own_adj",3,"Dutch"
"own_adj",3,"Middle English"
"own_adj",3,"Old English"
"own_adj",3,"Frisian"
"own_adj",3,"German"
"own_adj",3,"Germanic"
"own_adj",3,"Old Norse"
"day_n",3,"Dutch"
"day_n",3,"Middle Dutch"
"day_n",3,"Middle English"
"day_n",3,"Old English"
"day_n",3,"Frisian"
"day_n",3,"German"
"day_n",3,"Old High German"
"day_n",3,"Germanic"
"day_n",3,"Gothic"
"day_n",3,"Latin"
"day_n",3,"Old Norse"
"unable_adj",1,"French"
"unable_adj",1,"Old French"
"unable_adj",1,"Latin"
"merit_n",8,"French"
"merit_n",8,"Old French"
"merit_n",8,"Latin"
"dead_adj",1,"Danish"
"dead_adj",1,"Dutch"
"dead_adj",1,"Middle Dutch"
"dead_adj",1,"Middle English"
"dead_adj",1,"Old English"
"dead_adj",1,"Frisian"
"dead_adj",1,"German"
"dead_adj",1,"Old High German"
"dead_adj",1,"Germanic"
"dead_adj",1,"Gothic"
"dead_adj",1,"Old Norse"
"dead_adj",1,"Swedish"
"life_n",12,"Dutch"
"life_n",12,"Old English"
"life_n",12,"Frisian"
"life_n",12,"German"
"life_n",12,"Old High German"
"life_n",12,"Germanic"
"life_n",12,"Old Norse"
"seldom_adv",1,"Dutch"
"seldom_adv",1,"Middle English"
"seldom_adv",1,"Old English"
"seldom_adv",1,"Frisian"
"seldom_adv",1,"German"
"seldom_adv",1,"Old High German"
"seldom_adv",1,"Germanic"
"seldom_adv",1,"Old Norse"
"able_adj",2,"French"
"able_adj",2,"Old French"
"able_adj",2,"Latin"
"pierce_v",1,"French"
"pierce_v",1,"Old French"
"pierce_v",1,"Latin"
"through_prep",8,"Dutch"
"through_prep",8,"Middle Dutch"
"through_prep",8,"Old English"
"through_prep",8,"Frisian"
"through_prep",8,"German"
"through_prep",8,"Old High German"
"through_prep",8,"Germanic"
"through_prep",8,"Gothic"
"essential_adj",2,"Greek"
"essential_adj",2,"Latin"
"contemporary_adj",1,"Latin"
"thing_n",4,"Dutch"
"thing_n",4,"Middle Dutch"
"thing_n",4,"Old English"
"thing_n",4,"French"
"thing_n",4,"Frisian"
"thing_n",4,"German"
"thing_n",4,"Old High German"
"thing_n",4,"Germanic"
"thing_n",4,"Icelandic"
"thing_n",4,"Latin"
"thing_n",4,"Old Norse"
"thing_n",4,"Spanish"
"or_conj",17,"Dutch"
"or_conj",17,"Middle Dutch"
"or_conj",17,"Middle English"
"or_conj",17,"Old English"
"or_conj",17,"Frisian"
"or_conj",17,"German"
"or_conj",17,"Old High German"
"or_conj",17,"Gothic"
"or_conj",17,"Old Norse"
"hope_n",4,"Danish"
"hope_n",4,"Dutch"
"hope_n",4,"Middle Dutch"
"hope_n",4,"Old English"
"hope_n",4,"Frisian"
"hope_v",2,"Dutch"
"hope_v",2,"Middle Dutch"
"hope_v",2,"Old English"
"hope_v",2,"Frisian"
"hope_v",2,"German"
"hope_v",2,"Low German"
"hope_v",2,"Middle High German"
"hope_v",2,"Germanic"
"still_adv",3,"Middle English"
"still_adv",3,"Old English"
"eye_n",2,"Danish"
"eye_n",2,"Dutch"
"eye_n",2,"Middle Dutch"
"eye_n",2,"Old English"
"eye_n",2,"Frisian"
"eye_n",2,"German"
"eye_n",2,"Old High German"
"eye_n",2,"Germanic"
"eye_n",2,"Gothic"
"eye_n",2,"Old Norse"
"eye_n",2,"Swedish"
"see_v",5,"Dutch"
"see_v",5,"Middle Dutch"
"see_v",5,"Middle English"
"see_v",5,"Old English"
"see_v",5,"Frisian"
"see_v",5,"German"
"see_v",5,"Middle High German"
"see_v",5,"Old High German"
"see_v",5,"Germanic"
"see_v",5,"Gothic"
"see_v",5,"Greek"
"see_v",5,"Latin"
"see_v",5,"Old Norse"
"old_adj",1,"Dutch"
"old_adj",1,"Old English"
"old_adj",1,"French"
"old_adj",1,"Frisian"
"old_adj",1,"German"
"old_adj",1,"Old High German"
"old_adj",1,"Germanic"
"old_adj",1,"Gothic"
"old_adj",1,"Greek"
"old_adj",1,"Indo-European"
"old_adj",1,"Latin"
"old_adj",1,"Old Norse"
"old_adj",1,"Scots"
"now_adv",8,"Avestan"
"now_adv",8,"Dutch"
"now_adv",8,"Middle English"
"now_adv",8,"Old English"
"now_adv",8,"Frisian"
"now_adv",8,"German"
"now_adv",8,"Germanic"
"now_adv",8,"Gothic"
"now_adv",8,"Greek"
"now_adv",8,"Hittite"
"now_adv",8,"Irish"
"now_adv",8,"Old Irish"
"now_adv",8,"Latin"
"now_adv",8,"Lithuanian"
"now_adv",8,"Old Norse"
"now_adv",8,"Church Slavonic"
"now_adv",8,"Old Church Slavonic"
"now_adv",8,"Persian"
"now_adv",8,"Old Persian"
"now_adv",8,"Sanskrit"
"age_n",3,"Old English"
"age_n",3,"French"
"age_n",3,"Old French"
"age_n",3,"Italian"
"age_n",3,"Latin"
"age_n",3,"Portuguese"
"age_n",3,"Spanish"
"away_adv",2,"Middle English"
"away_adv",2,"Old English"
"weep_v",1,"Old English"
"weep_v",1,"German"
"weep_v",1,"Old High German"
"weep_v",1,"Germanic"
"weep_v",1,"Gothic"
"weep_v",1,"Latin"
"weep_v",1,"Old Norse"
"weep_v",1,"Church Slavonic"
"weep_v",1,"Old Church Slavonic"
"think_v",3,"Middle English"
"think_v",3,"Old English"
"think_v",3,"Frisian"
"think_v",3,"German"
"think_v",3,"Old High German"
"think_v",3,"Germanic"
"think_v",3,"Gothic"
"think_v",3,"Old Norse"
"posterity_n",1,"Old English"
"posterity_n",1,"French"
"posterity_n",1,"Old French"
"posterity_n",1,"Latin"
"poet_n",1,"Old English"
"poet_n",1,"French"
"poet_n",1,"Old French"
"poet_n",1,"Greek"
"poet_n",1,"Latin"
"poet_n",1,"Church Slavonic"
"poet_n",1,"Old Church Slavonic"
"poet_n",1,"Sanskrit"
"pugnacious_adj",1,"Latin"
"atmosphere_n",1,"Greek"
"atmosphere_n",1,"Latin"
"where_adv",5,"Dutch"
"where_adv",5,"Middle Dutch"
"where_adv",5,"Old English"
"where_adv",5,"Frisian"
"where_adv",5,"German"
"where_adv",5,"Old High German"
"where_adv",5,"Germanic"
"where_adv",5,"Gothic"
"where_adv",5,"Latin"
"where_adv",5,"Old Norse"
"champion_n",1,"Old English"
"champion_n",1,"French"
"champion_n",1,"Old French"
"champion_n",1,"Latin"
"fight_v",1,"Dutch"
"fight_v",1,"Middle Dutch"
"fight_v",1,"Middle English"
"fight_v",1,"Old English"
"fight_v",1,"Frisian"
"fight_v",1,"German"
"fight_v",1,"Old High German"
"fight_v",1,"Germanic"
"fight_v",1,"Greek"
"fight_v",1,"Latin"
"fight_v",1,"Lithuanian"
"fight_v",1,"Persian"
"fight_v",1,"Sanskrit"
"end_n",3,"Dutch"
"end_n",3,"Old English"
"end_n",3,"Frisian"
"end_n",3,"German"
"end_n",3,"Old High German"
"end_n",3,"Germanic"
"end_n",3,"Gothic"
"end_n",3,"Old Norse"
"end_v",1,"Old English"
"battle_n",1,"French"
"battle_n",1,"Old French"
"battle_n",1,"Latin"
"instead_adv",2,"Middle English"
"instead_adv",2,"French"
"instead_adv",2,"Latin"
"seek_v",1,"Dutch"
"seek_v",1,"Middle Dutch"
"seek_v",1,"Middle English"
"seek_v",1,"Old English"
"seek_v",1,"Frisian"
"seek_v",1,"German"
"seek_v",1,"Old High German"
"seek_v",1,"Germanic"
"seek_v",1,"Gothic"
"seek_v",1,"Irish"
"seek_v",1,"Old Irish"
"seek_v",1,"Latin"
"seek_v",1,"Old Norse"
"consideration_n",4,"French"
"consideration_n",4,"Old French"
"consideration_n",4,"Latin"
"militate_v",1,"Latin"
"academic_adj",1,"Greek"
"academic_adj",1,"Latin"
"fundamental_adj",1,"Latin"
"question_n",6,"Middle English"
"question_n",6,"French"
"question_n",6,"Old French"
"question_n",6,"Latin"
"true_adj",5,"Danish"
"true_adj",5,"Dutch"
"true_adj",5,"Middle English"
"true_adj",5,"Old English"
"true_adj",5,"Frisian"
"true_adj",5,"German"
"true_adj",5,"Old High German"
"true_adj",5,"Germanic"
"true_adj",5,"Gothic"
"true_adj",5,"Old Norse"
"answer_v",2,"Middle English"
"answer_v",2,"Old English"
"define_v",2,"French"
"define_v",2,"Old French"
"define_v",2,"Latin"
"use_v",3,"Old English"
"use_v",3,"French"
"use_v",3,"Old French"
"use_v",3,"Latin"
"purpose_n",4,"French"
"purpose_n",4,"Old French"
"purpose_n",4,"Latin"
"distinguish_v",1,"Middle English"
"distinguish_v",1,"French"
"distinguish_v",1,"Old French"
"distinguish_v",1,"Latin"
"legitimate_adj",1,"French"
"legitimate_adj",1,"Old French"
"legitimate_adj",1,"Latin"
"than_conj",1,"Dutch"
"than_conj",1,"Old English"
"than_conj",1,"German"
"than_conj",1,"Germanic"
"include_v",2,"Latin"
"instruction_n",5,"French"
"instruction_n",5,"Old French"
"instruction_n",5,"Latin"
"personal_adj",3,"French"
"personal_adj",3,"Old French"
"personal_adj",3,"Latin"
"experience_n",1,"French"
"experience_n",1,"Old French"
"experience_n",1,"Latin"
"formation_n",3,"French"
"formation_n",3,"Old French"
"formation_n",3,"Latin"
"character_n",1,"French"
"character_n",1,"Old French"
"character_n",1,"Greek"
"character_n",1,"Latin"
"since_conj",1,"Old English"
"introduce_v",1,"Latin"
"topic_n",1,"Greek"
"topic_n",1,"Latin"
"foreign_adj",1,"Old English"
"foreign_adj",1,"French"
"foreign_adj",1,"Old French"
"foreign_adj",1,"Latin"
"confine_v",1,"French"
"confine_v",1,"Latin"
"definite_adj",1,"Latin"
"information_n",3,"French"
"information_n",3,"Old French"
"information_n",3,"Latin"
"various_adj",1,"Latin"
"subject_n",1,"French"
"subject_n",1,"Old French"
"subject_n",1,"Greek"
"subject_n",1,"Latin"
"because_conj",3,"French"
"daily_adj",1,"Middle English"
"daily_adj",1,"Old English"
"daily_adj",1,"German"
"elementary_adj",1,"Latin"
"read_n",1,"Old English"
"kind_n",2,"Middle English"
"kind_n",2,"Old English"
"kind_n",2,"German"
"kind_n",2,"Old High German"
"kind_n",2,"Germanic"
"necessary_adj",2,"French"
"necessary_adj",2,"Old French"
"necessary_adj",2,"Latin"
"consider_v",4,"French"
"consider_v",4,"Old French"
"consider_v",4,"Latin"
"means_n",2,"French"
"means_n",2,"German"
"ask_v",1,"Armenian"
"ask_v",1,"Danish"
"ask_v",1,"Dutch"
"ask_v",1,"Middle Dutch"
"ask_v",1,"Middle English"
"ask_v",1,"Old English"
"ask_v",1,"Frisian"
"ask_v",1,"German"
"ask_v",1,"Old High German"
"ask_v",1,"Germanic"
"ask_v",1,"Indo-European"
"ask_v",1,"Lithuanian"
"ask_v",1,"Church Slavonic"
"ask_v",1,"Old Church Slavonic"
"ask_v",1,"Sanskrit"
"sort_n",1,"Middle English"
"sort_n",1,"French"
"sort_n",1,"Old French"
"sort_n",1,"Latin"
"decide_v",3,"French"
"decide_v",3,"Old French"
"decide_v",3,"Latin"
"contribute_v",3,"Latin"
"desire_n",10,"French"
"desire_n",10,"Old French"
"desire_v",2,"French"
"desire_v",2,"Old French"
"desire_v",2,"Latin"
"whole_adj",6,"Dutch"
"whole_adj",6,"Middle Dutch"
"whole_adj",6,"Old English"
"whole_adj",6,"Frisian"
"whole_adj",6,"German"
"whole_adj",6,"Old High German"
"whole_adj",6,"Germanic"
"whole_adj",6,"Old Norse"
"whole_adj",6,"Church Slavonic"
"whole_adj",6,"Old Church Slavonic"
"about_prep",1,"Middle English"
"about_prep",1,"Old English"
"number_n",4,"French"
"number_n",4,"Old French"
"number_n",4,"Greek"
"number_n",4,"Italian"
"number_n",4,"Latin"
"small_adj",1,"Danish"
"small_adj",1,"Dutch"
"small_adj",1,"Middle Dutch"
"small_adj",1,"Middle English"
"small_adj",1,"Old English"
"small_adj",1,"Frisian"
"small_adj",1,"German"
"small_adj",1,"Old High German"
"small_adj",1,"Germanic"
"small_adj",1,"Gothic"
"small_adj",1,"Greek"
"small_adj",1,"Irish"
"small_adj",1,"Old Irish"
"small_adj",1,"Old Norse"
"small_adj",1,"Church Slavonic"
"small_adj",1,"Old Church Slavonic"
"small_adj",1,"Swedish"
"primary_adj",3,"French"
"primary_adj",3,"Latin"
"instinct_n",4,"French"
"instinct_n",4,"Old French"
"instinct_n",4,"Latin"
"impulse_n",12,"Latin"
"way_n",3,"Dutch"
"way_n",3,"Middle English"
"way_n",3,"Old English"
"way_n",3,"Frisian"
"way_n",3,"German"
"way_n",3,"Old High German"
"way_n",3,"Germanic"
"way_n",3,"Gothic"
"way_n",3,"Old Norse"
"connect_v",2,"French"
"connect_v",2,"Latin"
"appear_v",1,"French"
"appear_v",1,"Old French"
"appear_v",1,"Latin"
"desirable_adj",1,"Middle English"
"desirable_adj",1,"French"
"desirable_adj",1,"Old French"
"faculty_n",1,"French"
"faculty_n",1,"Old French"
"faculty_n",1,"Latin"
"whether_conj",2,"Avestan"
"whether_conj",2,"Old English"
"whether_conj",2,"German"
"whether_conj",2,"Old High German"
"whether_conj",2,"Germanic"
"whether_conj",2,"Gothic"
"whether_conj",2,"Greek"
"whether_conj",2,"Latin"
"whether_conj",2,"Lithuanian"
"whether_conj",2,"Old Norse"
"whether_conj",2,"Church Slavonic"
"whether_conj",2,"Old Church Slavonic"
"whether_conj",2,"Sanskrit"
"virtue_n",2,"Middle English"
"virtue_n",2,"French"
"virtue_n",2,"Old French"
"virtue_n",2,"Latin"
"call_v",3,"Dutch"
"call_v",3,"Middle Dutch"
"call_v",3,"Middle English"
"call_v",3,"Old English"
"call_v",3,"French"
"call_v",3,"German"
"call_v",3,"Old High German"
"call_v",3,"Germanic"
"call_v",3,"Old Norse"
"take_v",2,"Dutch"
"take_v",2,"Middle Dutch"
"take_v",2,"Middle English"
"take_v",2,"Old English"
"take_v",2,"German"
"take_v",2,"Low German"
"take_v",2,"Germanic"
"take_v",2,"Gothic"
"take_v",2,"Old Norse"
"take_v",2,"Swedish"
"active_adj",1,"French"
"active_adj",1,"Old French"
"active_adj",1,"Latin"
"fear_n",3,"Dutch"
"fear_n",3,"Middle English"
"fear_n",3,"Old English"
"fear_n",3,"German"
"fear_n",3,"Germanic"
"fear_n",3,"Old Norse"
"region_n",2,"French"
"region_n",2,"Old French"
"region_n",2,"Latin"
"control_v",2,"French"
"control_v",2,"Latin"
"first_adj",4,"Danish"
"first_adj",4,"Dutch"
"first_adj",4,"Middle Dutch"
"first_adj",4,"Middle English"
"first_adj",4,"Old English"
"first_adj",4,"Frisian"
"first_adj",4,"German"
"first_adj",4,"Old High German"
"first_adj",4,"Germanic"
"first_adj",4,"Old Norse"
"like_v",1,"Dutch"
"like_v",1,"Old English"
"like_v",1,"Frisian"
"like_v",1,"German"
"like_v",1,"Old High German"
"like_v",1,"Germanic"
"like_v",1,"Gothic"
"like_v",1,"Old Norse"
"queen_n",3,"Danish"
"queen_n",3,"Middle English"
"queen_n",3,"Old English"
"queen_n",3,"German"
"queen_n",3,"Germanic"
"queen_n",3,"Gothic"
"queen_n",3,"Indo-European"
"queen_n",3,"Old Norse"
"queen_n",3,"Swedish"
"bee_n",1,"Dutch"
"bee_n",1,"Middle Dutch"
"bee_n",1,"Old English"
"bee_n",1,"German"
"bee_n",1,"Old High German"
"bee_n",1,"Germanic"
"bee_n",1,"Old Norse"
"hive_n",1,"Old English"
"hive_n",1,"German"
"hive_n",1,"Germanic"
"hive_n",1,"Greek"
"hive_n",1,"Latin"
"hive_n",1,"Old Norse"
"hive_n",1,"Sanskrit"
"worker_n",2,"Old English"
"gather_v",1,"Dutch"
"gather_v",1,"Old English"
"gather_v",1,"Frisian"
"gather_v",1,"Ga"
"gather_v",1,"German"
"gather_v",1,"Low German"
"gather_v",1,"Germanic"
"gather_v",1,"Gothic"
"honey_n",2,"Dutch"
"honey_n",2,"Middle Dutch"
"honey_n",2,"Middle English"
"honey_n",2,"Old English"
"honey_n",2,"Finnish"
"honey_n",2,"Frisian"
"honey_n",2,"German"
"honey_n",2,"Old High German"
"honey_n",2,"Germanic"
"honey_n",2,"Gothic"
"honey_n",2,"Greek"
"honey_n",2,"Indo-European"
"honey_n",2,"Old Norse"
"honey_n",2,"Sanskrit"
"honey_n",2,"Swedish"
"honey_n",2,"Welsh"
"go_v",1,"Dutch"
"go_v",1,"Middle Dutch"
"go_v",1,"Old English"
"go_v",1,"Frisian"
"go_v",1,"German"
"go_v",1,"Old High German"
"go_v",1,"Germanic"
"go_v",1,"Gothic"
"go_v",1,"Greek"
"go_v",1,"Sanskrit"
"languish_v",1,"French"
"languish_v",1,"Old French"
"languish_v",1,"Latin"
"die_n",1,"Catalan"
"die_n",1,"French"
"die_n",1,"Old French"
"die_n",1,"Italian"
"die_n",1,"Latin"
"die_n",1,"Portuguese"
"die_n",1,"Provençal"
"die_n",1,"Spanish"
"die_v",1,"Danish"
"die_v",1,"Dutch"
"die_v",1,"Old English"
"die_v",1,"Frisian"
"die_v",1,"German"
"die_v",1,"Old High German"
"die_v",1,"Germanic"
"die_v",1,"Gothic"
"die_v",1,"Irish"
"die_v",1,"Old Irish"
"die_v",1,"Old Norse"
"die_v",1,"Church Slavonic"
"die_v",1,"Old Church Slavonic"
"die_v",1,"Russian"
"cell_n",1,"Latin"
"empty_adj",1,"Old English"
"empty_adj",1,"German"
"empty_adj",1,"Germanic"
"empty_adj",1,"Greek"
"empty_adj",1,"Modern Greek"
"expect_v",1,"Latin"
"sweetness_n",1,"Old English"
"surround_v",2,"French"
"surround_v",2,"Old French"
"surround_v",2,"Latin"
"protect_v",1,"French"
"protect_v",1,"Old French"
"protect_v",1,"Latin"
"protect_v",1,"Spanish"
"busy_adj",1,"Dutch"
"busy_adj",1,"Middle English"
"busy_adj",1,"Old English"
"busy_adj",1,"German"
"busy_adj",1,"Low German"
"busy_adj",1,"Germanic"
"busy_adj",1,"Indo-European"
"attendant_adj",2,"French"
"attendant_adj",2,"Old French"
"store_v",1,"Middle English"
"store_v",1,"French"
"store_v",1,"Old French"
"store_v",1,"Latin"
"death_n",2,"Danish"
"death_n",2,"Dutch"
"death_n",2,"Old English"
"death_n",2,"Frisian"
"death_n",2,"German"
"death_n",2,"Old High German"
"death_n",2,"Germanic"
"death_n",2,"Gothic"
"death_n",2,"Old Norse"
"death_n",2,"Swedish"
"influence_n",2,"Middle English"
"influence_n",2,"French"
"influence_n",2,"Old French"
"influence_n",2,"Latin"
"though_adv",1,"Dutch"
"though_adv",1,"Middle Dutch"
"though_adv",1,"Old English"
"though_adv",1,"Frisian"
"though_adv",1,"German"
"though_adv",1,"Old High German"
"though_adv",1,"Germanic"
"though_adv",1,"Gothic"
"though_adv",1,"Old Norse"
"though_conj",1,"Dutch"
"though_conj",1,"Middle Dutch"
"though_conj",1,"Old English"
"though_conj",1,"Frisian"
"though_conj",1,"German"
"though_conj",1,"Old High German"
"though_conj",1,"Germanic"
"though_conj",1,"Gothic"
"though_conj",1,"Old Norse"
"spread_v",1,"Danish"
"spread_v",1,"Dutch"
"spread_v",1,"Middle Dutch"
"spread_v",1,"Old English"
"spread_v",1,"German"
"spread_v",1,"Old High German"
"spread_v",1,"Germanic"
"spread_v",1,"Swedish"
"slowly_adv",1,"Middle English"
"slowly_adv",1,"Old English"
"subsidiary_adj",1,"Latin"
"formerly_adv",2,"Middle English"
"zest_n",1,"French"
"worth_adj",2,"Dutch"
"worth_adj",2,"Old English"
"worth_adj",2,"Frisian"
"worth_adj",2,"German"
"worth_adj",2,"Old High German"
"worth_adj",2,"Germanic"
"worth_adj",2,"Gothic"
"worth_adj",2,"Lithuanian"
"worth_adj",2,"Old Norse"
"worth_adj",2,"Church Slavonic"
"worth_adj",2,"Old Church Slavonic"
"raise_v",1,"Old English"
"raise_v",1,"German"
"raise_v",1,"Germanic"
"raise_v",1,"Gothic"
"raise_v",1,"Old Norse"
"dreary_adj",1,"Old English"
"dreary_adj",1,"German"
"dreary_adj",1,"Middle High German"
"dreary_adj",1,"Germanic"
"dreary_adj",1,"Old Norse"
"inquire_v",2,"French"
"inquire_v",2,"Old French"
"inquire_v",2,"Latin"
"vanity_n",1,"French"
"vanity_n",1,"Old French"
"vanity_n",1,"Latin"
"search_n",2,"French"
"search_n",2,"Old French"
"inner_adj",1,"Middle English"
"inner_adj",1,"Old English"
"inner_adj",1,"German"
"inner_adj",1,"Old High German"
"response_n",1,"French"
"response_n",1,"Old French"
"response_n",1,"Latin"
"always_adv",1,"Old English"
"disappoint_v",1,"French"
"disappoint_v",1,"Old French"
"bottom_n",1,"Avestan"
"bottom_n",1,"Dutch"
"bottom_n",1,"Middle English"
"bottom_n",1,"Old English"
"bottom_n",1,"Frisian"
"bottom_n",1,"German"
"bottom_n",1,"Old High German"
"bottom_n",1,"Germanic"
"bottom_n",1,"Greek"
"bottom_n",1,"Irish"
"bottom_n",1,"Old Irish"
"bottom_n",1,"Latin"
"bottom_n",1,"Old Norse"
"bottom_n",1,"Sanskrit"
"extinct_adj",1,"Latin"
"miracle_n",1,"Middle English"
"miracle_n",1,"Old English"
"miracle_n",1,"French"
"miracle_n",1,"Old French"
"miracle_n",1,"Greek"
"miracle_n",1,"Italian"
"miracle_n",1,"Latin"
"miracle_n",1,"Church Slavonic"
"miracle_n",1,"Old Church Slavonic"
"miracle_n",1,"Sanskrit"
"miracle_n",1,"Spanish"
"restore_v",1,"French"
"restore_v",1,"Old French"
"restore_v",1,"Latin"
"reflect_v",1,"Middle English"
"reflect_v",1,"French"
"reflect_v",1,"Old French"
"reflect_v",1,"Latin"
"create_v",1,"Latin"
"lack_v",1,"Dutch"
"lack_v",1,"Middle Dutch"
"enlarge_v",1,"Middle English"
"enlarge_v",1,"French"
"enlarge_v",1,"Old French"
"human_adj",8,"French"
"human_adj",8,"Old French"
"human_adj",8,"Hebrew"
"human_adj",8,"Latin"
"human_adj",8,"Lithuanian"
"thought_n",3,"Old English"
"thought_n",3,"German"
"thought_n",3,"Germanic"
"thought_n",3,"Japanese"
"show_v",1,"Dutch"
"show_v",1,"Middle English"
"show_v",1,"Old English"
"show_v",1,"Frisian"
"show_v",1,"German"
"show_v",1,"Old High German"
"show_v",1,"Germanic"
"permanent_adj",1,"French"
"permanent_adj",1,"Old French"
"permanent_adj",1,"Latin"
"satisfaction_n",2,"French"
"satisfaction_n",2,"Old French"
"satisfaction_n",2,"Latin"
"find_v",3,"Armenian"
"find_v",3,"Avestan"
"find_v",3,"Dutch"
"find_v",3,"Middle Dutch"
"find_v",3,"Middle English"
"find_v",3,"Old English"
"find_v",3,"Frisian"
"find_v",3,"German"
"find_v",3,"Old High German"
"find_v",3,"Germanic"
"find_v",3,"Gothic"
"find_v",3,"Greek"
"find_v",3,"Latin"
"find_v",3,"Old Norse"
"find_v",3,"Church Slavonic"
"find_v",3,"Old Church Slavonic"
"find_v",3,"Russian"
"find_v",3,"Sanskrit"
"under_prep",2,"Avestan"
"under_prep",2,"Dutch"
"under_prep",2,"Old English"
"under_prep",2,"Frisian"
"under_prep",2,"German"
"under_prep",2,"Old High German"
"under_prep",2,"Germanic"
"under_prep",2,"Gothic"
"under_prep",2,"Latin"
"under_prep",2,"Old Norse"
"under_prep",2,"Sanskrit"
"horror_n",1,"Avestan"
"horror_n",1,"French"
"horror_n",1,"Old French"
"horror_n",1,"Latin"
"horror_n",1,"Sanskrit"
"horror_n",1,"Welsh"
"natural_adj",5,"French"
"natural_adj",5,"Old French"
"natural_adj",5,"Latin"
"obvious_adj",3,"Latin"
"truth_n",2,"Old English"
"truth_n",2,"German"
"truth_n",2,"Germanic"
"young_adj",1,"Avestan"
"young_adj",1,"Dutch"
"young_adj",1,"Middle Dutch"
"young_adj",1,"Old English"
"young_adj",1,"Frisian"
"young_adj",1,"German"
"young_adj",1,"Old High German"
"young_adj",1,"Germanic"
"young_adj",1,"Gothic"
"young_adj",1,"Irish"
"young_adj",1,"Old Irish"
"young_adj",1,"Latin"
"young_adj",1,"Lithuanian"
"young_adj",1,"Old Norse"
"young_adj",1,"Church Slavonic"
"young_adj",1,"Old Church Slavonic"
"young_adj",1,"Russian"
"young_adj",1,"Sanskrit"
"young_adj",1,"Welsh"
"regard_v",3,"French"
"regard_v",3,"Old French"
"regard_v",3,"German"
"regard_v",3,"Germanic"
"exclude_v",1,"Latin"
"best_adj",2,"Dutch"
"best_adj",2,"Middle Dutch"
"best_adj",2,"Middle English"
"best_adj",2,"Old English"
"best_adj",2,"Frisian"
"best_adj",2,"Ga"
"best_adj",2,"German"
"best_adj",2,"Old High German"
"best_adj",2,"Germanic"
"best_adj",2,"Gothic"
"best_adj",2,"Old Norse"
"production_n",1,"French"
"production_n",1,"Old French"
"production_n",1,"Latin"
"stunt_v",1,"Middle English"
"stunt_v",1,"Old English"
"stunt_v",1,"German"
"stunt_v",1,"Middle High German"
"stunt_v",1,"Germanic"
"stunt_v",1,"Old Norse"
"contort_v",1,"Latin"
"hypocrite_n",1,"French"
"hypocrite_n",1,"Old French"
"hypocrite_n",1,"Greek"
"hypocrite_n",1,"Latin"
"psychology_n",1,"German"
"psychology_n",1,"Greek"
"psychology_n",1,"Latin"
"heart_n",1,"Dutch"
"heart_n",1,"Old English"
"heart_n",1,"Frisian"
"heart_n",1,"German"
"heart_n",1,"Old High German"
"heart_n",1,"Germanic"
"heart_n",1,"Gothic"
"heart_n",1,"Old Norse"
"begin_v",2,"Dutch"
"begin_v",2,"Middle Dutch"
"begin_v",2,"Old English"
"begin_v",2,"Frisian"
"begin_v",2,"German"
"begin_v",2,"Old High German"
"begin_v",2,"Germanic"
"begin_v",2,"Gothic"
"generation_n",1,"French"
"generation_n",1,"Old French"
"generation_n",1,"Latin"
"need_v",2,"Old English"
"need_v",2,"Yiddish"
"waste_v",1,"Old English"
"waste_v",1,"French"
"waste_v",1,"Old French"
"waste_v",1,"German"
"waste_v",1,"Germanic"
"waste_v",1,"Italian"
"waste_v",1,"Latin"
"waste_v",1,"Spanish"
"eradicate_v",1,"Middle English"
"eradicate_v",1,"Latin"
"supply_v",1,"French"
"supply_v",1,"Old French"
"supply_v",1,"Latin"
"initial_adj",1,"French"
"initial_adj",1,"Latin"
"spasmodic_adj",1,"French"
"spasmodic_adj",1,"Greek"
"spasmodic_adj",1,"Latin"
"yet_adv",3,"Old English"
"yet_adv",3,"Frisian"
"yet_adv",3,"German"
"yet_adv",3,"Middle High German"
"yet_adv",3,"Germanic"
"violent_adj",1,"Middle English"
"violent_adj",1,"French"
"violent_adj",1,"Old French"
"violent_adj",1,"Latin"
"constitutional_adj",1,"French"
"ministry_n",1,"French"
"ministry_n",1,"Old French"
"ministry_n",1,"Latin"
"reflection_n",1,"French"
"reflection_n",1,"Old French"
"reflection_n",1,"Latin"
"possible_adj",3,"French"
"possible_adj",3,"Old French"
"possible_adj",3,"Latin"
"conflict_n",1,"French"
"conflict_n",1,"Old French"
"conflict_n",1,"Latin"
"conflict_v",1,"Latin"
"temporary_adj",1,"Latin"
"wisdom_n",1,"Old English"
"wisdom_n",1,"Frisian"
"wisdom_n",1,"German"
"wisdom_n",1,"Old High German"
"wisdom_n",1,"Germanic"
"wisdom_n",1,"Greek"
"wisdom_n",1,"Latin"
"wisdom_n",1,"Old Norse"
"destroy_v",3,"French"
"destroy_v",3,"Old French"
"destroy_v",3,"Italian"
"destroy_v",3,"Latin"
"crudity_n",1,"French"
"crudity_n",1,"Old French"
"crudity_n",1,"Latin"
"wealth_n",1,"Middle English"
"individual_n",1,"Middle English"
"individual_n",1,"Latin"
"isolated_adj",1,"French"
"isolated_adj",1,"Italian"
"isolated_adj",1,"Latin"
"fighting_n",1,"Old English"
"unit_n",1,"Greek"
"citizen_n",1,"Middle English"
"citizen_n",1,"Old English"
"citizen_n",1,"French"
"citizen_n",1,"Old French"
"citizen_n",1,"Greek"
"citizen_n",1,"Latin"
"universe_n",6,"French"
"universe_n",6,"Old French"
"universe_n",6,"Latin"
"embrace_v",1,"Old English"
"embrace_v",1,"French"
"embrace_v",1,"Old French"
"embrace_v",1,"Greek"
"embrace_v",1,"Latin"
"distant_adj",1,"French"
"distant_adj",1,"Old French"
"distant_adj",1,"Latin"
"country_n",1,"French"
"country_n",1,"Old French"
"country_n",1,"Latin"
"remote_adj",1,"Latin"
"space_n",1,"Middle English"
"space_n",1,"French"
"space_n",1,"Old French"
"space_n",1,"Italian"
"space_n",1,"Latin"
"space_n",1,"Spanish"
"vast_adj",1,"French"
"vast_adj",1,"Latin"
"within_prep",1,"Old English"
"circle_n",4,"Old English"
"circle_n",4,"French"
"circle_n",4,"Old French"
"circle_n",4,"Italian"
"circle_n",4,"Latin"
"simultaneous_adj",1,"Latin"
"insistence_n",1,"French"
"insistence_n",1,"Old French"
"insistence_n",1,"Latin"
"enlargement_n",1,"Middle English"
"chief_adj",2,"French"
"chief_adj",2,"Old French"
"chief_adj",2,"Italian"
"chief_adj",2,"Latin"
"chief_adj",2,"Portuguese"
"chief_adj",2,"Provençal"
"chief_adj",2,"Spanish"
"moral_adj",3,"French"
"moral_adj",3,"Old French"
"moral_adj",3,"Greek"
"moral_adj",3,"Latin"
"aim_n",2,"French"
"aim_n",2,"Old French"
"imagine_v",2,"French"
"imagine_v",2,"Old French"
"imagine_v",2,"Latin"
"objective_adj",2,"German"
"objective_adj",2,"Latin"
"manner_n",1,"Dutch"
"manner_n",1,"French"
"manner_n",1,"Old French"
"manner_n",1,"German"
"manner_n",1,"Italian"
"manner_n",1,"Latin"
"manner_n",1,"Portuguese"
"manner_n",1,"Spanish"
"manner_n",1,"Swedish"
"far_adv",4,"Middle English"
"far_adv",4,"Old English"
"far_adv",4,"Frisian"
"far_adv",4,"German"
"far_adv",4,"Old High German"
"far_adv",4,"Germanic"
"far_adv",4,"Gothic"
"far_adv",4,"Greek"
"far_adv",4,"Hittite"
"far_adv",4,"Irish"
"far_adv",4,"Old Irish"
"far_adv",4,"Latin"
"far_adv",4,"Old Norse"
"far_adv",4,"Sanskrit"
"medium_n",1,"Latin"
"complete_adj",1,"French"
"complete_adj",1,"Old French"
"complete_adj",1,"Latin"
"attainment_n",2,"French"
"judge_v",1,"Old English"
"judge_v",1,"French"
"judge_v",1,"Old French"
"judge_v",1,"Italian"
"judge_v",1,"Latin"
"judge_v",1,"Spanish"
"proportion_n",2,"French"
"proportion_n",2,"Old French"
"proportion_n",2,"Latin"
"outcome_n",1,"Middle English"
"outcome_n",1,"Old English"
"approximate_v",1,"Latin"
"place_n",2,"Catalan"
"place_n",2,"Danish"
"place_n",2,"Dutch"
"place_n",2,"Middle Dutch"
"place_n",2,"Old English"
"place_n",2,"French"
"place_n",2,"Old French"
"place_n",2,"German"
"place_n",2,"Greek"
"place_n",2,"Italian"
"place_n",2,"Latin"
"place_n",2,"Norwegian"
"place_n",2,"Spanish"
"society_n",2,"French"
"society_n",2,"Old French"
"society_n",2,"Latin"
"relation_n",2,"French"
"relation_n",2,"Old French"
"relation_n",2,"Latin"
"environment_n",1,"German"
"apart_adv",1,"French"
"apart_adv",1,"Old French"
"apart_adv",1,"Latin"
"return_v",1,"French"
"return_v",1,"Old French"
"return_v",1,"Latin"
"how_adv",2,"Dutch"
"how_adv",2,"Middle Dutch"
"how_adv",2,"Old English"
"how_adv",2,"Frisian"
"how_adv",2,"German"
"how_adv",2,"Germanic"
"how_adv",2,"Gothic"
"rival_n",1,"Latin"
"practice_n",1,"French"
"practice_n",1,"Old French"
"practice_n",1,"Latin"
"sight_n",1,"Danish"
"sight_n",1,"Dutch"
"sight_n",1,"Middle Dutch"
"sight_n",1,"Middle English"
"sight_n",1,"Old English"
"sight_n",1,"German"
"sight_n",1,"Old High German"
"sight_n",1,"Germanic"
"sight_n",1,"Swedish"
"belong_v",1,"Dutch"
"belong_v",1,"Middle Dutch"
"belong_v",1,"Old English"
"belong_v",1,"German"
"art_n",4,"Middle English"
"art_n",4,"French"
"art_n",4,"Old French"
"art_n",4,"Greek"
"art_n",4,"Latin"
"art_n",4,"Sanskrit"
"achievement_n",4,"French"
"achievement_n",4,"Old French"
"particular_adj",1,"French"
"particular_adj",1,"Old French"
"particular_adj",1,"Latin"
"accomplish_v",1,"French"
"accomplish_v",1,"Old French"
"accomplish_v",1,"Latin"
"intelligent_adj",1,"Latin"
"prevent_v",1,"Latin"
"might_v",2,"Old English"
"otherwise_adv",1,"Middle English"
"otherwise_adv",1,"Old English"
"effect_n",1,"Dutch"
"effect_n",1,"French"
"effect_n",1,"Old French"
"effect_n",1,"German"
"effect_n",1,"Latin"
"also_adv",1,"Dutch"
"also_adv",1,"Middle English"
"also_adv",1,"Old English"
"also_adv",1,"German"
"passion_n",1,"Middle English"
"passion_n",1,"Old English"
"passion_n",1,"French"
"passion_n",1,"Old French"
"passion_n",1,"German"
"passion_n",1,"Greek"
"passion_n",1,"Latin"
"subjective_adj",2,"Latin"
"apparatus_n",1,"Latin"
"prefer_v",1,"French"
"prefer_v",1,"Old French"
"prefer_v",1,"Latin"
"amplification_n",1,"Latin"
"let_v",1,"Dutch"
"let_v",1,"Middle English"
"let_v",1,"Old English"
"let_v",1,"French"
"let_v",1,"Frisian"
"let_v",1,"German"
"let_v",1,"Old High German"
"let_v",1,"Germanic"
"let_v",1,"Gothic"
"let_v",1,"Latin"
"former_adj",2,"Old English"
"former_adj",2,"German"
"former_adj",2,"Germanic"
"facilitate_v",1,"French"
"facilitate_v",1,"Latin"
"difficulty_n",1,"French"
"difficulty_n",1,"Latin"
"originality_n",2,"French"
"artistic_adj",4,"French"
"depend_v",1,"French"
"depend_v",1,"Old French"
"depend_v",1,"Latin"
"vision_n",1,"French"
"vision_n",1,"Old French"
"vision_n",1,"Latin"
"undue_adj",1,"French"
"undue_adj",1,"Old French"
"undue_adj",1,"Latin"
"escape_n",2,"French"
"escape_n",2,"Old French"
"into_prep",1,"Old English"
"deliberate_adj",1,"Latin"
"vandalism_n",2,"French"
"ignore_v",1,"French"
"ignore_v",1,"Latin"
"tradition_n",1,"French"
"tradition_n",1,"Old French"
"tradition_n",1,"Latin"
"after_prep",3,"Dutch"
"after_prep",3,"Old English"
"after_prep",3,"Frisian"
"after_prep",3,"German"
"after_prep",3,"Old High German"
"after_prep",3,"Gothic"
"after_prep",3,"Greek"
"after_prep",3,"Old Norse"
"after_prep",3,"Persian"
"after_prep",3,"Old Persian"
"achieve_v",2,"French"
"achieve_v",2,"Old French"
"achieve_v",2,"Latin"
"simplicity_n",2,"Middle English"
"simplicity_n",2,"French"
"simplicity_n",2,"Old French"
"simplicity_n",2,"Latin"
"spontaneity_n",1,"French"
"canker_n",1,"Middle English"
"canker_n",1,"Old English"
"canker_n",1,"French"
"canker_n",1,"Old French"
"canker_n",1,"Latin"
"core_n",1,"French"
"core_n",1,"Old French"
"core_n",1,"Latin"
"insincerity_n",1,"Latin"
"ignorance_n",1,"French"
"ignorance_n",1,"Old French"
"ignorance_n",1,"Latin"
"despair_n",1,"French"
"despair_n",1,"Old French"
"thus_adv",2,"Dutch"
"thus_adv",2,"Middle Dutch"
"thus_adv",2,"Old English"
"thus_adv",2,"Frisian"
"thus_adv",2,"German"
"thus_adv",2,"Germanic"
"arise_v",1,"Middle English"
"arise_v",1,"Old English"
"arise_v",1,"Gothic"
"suggest_v",1,"Latin"
"pre-eminent_adj",1,"French"
"pre-eminent_adj",1,"Old French"
"pre-eminent_adj",1,"Latin"
"creation_n",2,"Old English"
"creation_n",2,"French"
"creation_n",2,"Old French"
"creation_n",2,"Latin"
"absent_v",1,"French"
"absent_v",1,"Old French"
"absent_v",1,"Latin"
"method_n",16,"Greek"
"method_n",16,"Latin"
"method_n",16,"Russian"
"discovery_n",1,"Middle English"
"pure_adj",1,"Old English"
"pure_adj",1,"French"
"pure_adj",1,"Old French"
"pure_adj",1,"German"
"pure_adj",1,"Old High German"
"pure_adj",1,"Irish"
"pure_adj",1,"Middle Irish"
"pure_adj",1,"Latin"
"pure_adj",1,"Sanskrit"
"yesterday_n",1,"Old English"
"already_adv",1,"Danish"
"already_adv",1,"German"
"already_adv",1,"Norwegian"
"already_adv",1,"Yiddish"
"transform_v",1,"French"
"transform_v",1,"Old French"
"transform_v",1,"Latin"
"success_n",1,"French"
"success_n",1,"Latin"
"proceed_v",1,"French"
"proceed_v",1,"Old French"
"proceed_v",1,"Latin"
"ever_adv",2,"Old English"
"ever_adv",2,"German"
"ever_adv",2,"Germanic"
"accelerate_v",1,"Latin"
"velocity_n",1,"Latin"
"dependent_adj",1,"French"
"dependent_adj",1,"Old French"
"dependent_adj",1,"Latin"
"progress_n",1,"French"
"progress_n",1,"Old French"
"progress_n",1,"Latin"
"appearance_n",1,"French"
"appearance_n",1,"Old French"
"appearance_n",1,"Latin"
"genius_n",4,"Latin"
"successor_n",2,"French"
"successor_n",2,"Old French"
"successor_n",2,"Latin"
"stand_v",1,"Dutch"
"stand_v",1,"Middle English"
"stand_v",1,"Old English"
"stand_v",1,"Frisian"
"stand_v",1,"German"
"stand_v",1,"Old High German"
"stand_v",1,"Germanic"
"stand_v",1,"Gothic"
"stand_v",1,"Latin"
"stand_v",1,"Old Norse"
"stand_v",1,"Swedish"
"predecessor_n",1,"French"
"predecessor_n",1,"Old French"
"predecessor_n",1,"Latin"
"supreme_adj",2,"French"
"supreme_adj",2,"Latin"
"invent_v",2,"Latin"
"apply_v",2,"French"
"apply_v",2,"Old French"
"apply_v",2,"Latin"
"ability_n",1,"Middle English"
"ability_n",1,"French"
"ability_n",1,"Old French"
"ability_n",1,"Latin"
"edifice_n",1,"Avestan"
"edifice_n",1,"Old English"
"edifice_n",1,"French"
"edifice_n",1,"Old French"
"edifice_n",1,"German"
"edifice_n",1,"Old High German"
"edifice_n",1,"Greek"
"edifice_n",1,"Irish"
"edifice_n",1,"Old Irish"
"edifice_n",1,"Latin"
"edifice_n",1,"Lithuanian"
"edifice_n",1,"Old Norse"
"edifice_n",1,"Sanskrit"
"edifice_n",1,"Welsh"
"mason_n",1,"French"
"mason_n",1,"Old French"
"mason_n",1,"German"
"mason_n",1,"Old High German"
"mason_n",1,"Germanic"
"mason_n",1,"Latin"
"common_adj",2,"Old English"
"common_adj",2,"French"
"common_adj",2,"Old French"
"common_adj",2,"German"
"common_adj",2,"Germanic"
"common_adj",2,"Latin"
"foreman_n",1,"Danish"
"foreman_n",1,"Dutch"
"foreman_n",1,"German"
"master_n",1,"Dutch"
"master_n",1,"Middle English"
"master_n",1,"Old English"
"master_n",1,"French"
"master_n",1,"Old French"
"master_n",1,"German"
"master_n",1,"Italian"
"master_n",1,"Latin"
"master_n",1,"Portuguese"
"master_n",1,"Spanish"
"architect_n",1,"Middle English"
"architect_n",1,"Old English"
"architect_n",1,"French"
"architect_n",1,"Greek"
"architect_n",1,"Latin"
"without_prep",5,"Old English"
"moderate_adj",1,"Latin"
"notable_adj",1,"French"
"notable_adj",1,"Old French"
"notable_adj",1,"Latin"
"previous_adj",1,"Latin"
"perfect_adj",1,"Middle English"
"perfect_adj",1,"French"
"perfect_adj",1,"Old French"
"perfect_adj",1,"Latin"
"brilliant_adj",1,"French"
"brilliant_adj",1,"Italian"
"brilliant_adj",1,"Latin"
"inventor_n",2,"French"
"inventor_n",2,"Italian"
"inventor_n",2,"Latin"
"inventor_n",2,"Spanish"
"different_adj",2,"French"
"different_adj",2,"Old French"
"different_adj",2,"Latin"
"appropriate_adj",1,"Latin"
"class_n",1,"French"
"class_n",1,"German"
"class_n",1,"Latin"
"problem_n",1,"French"
"problem_n",1,"Old French"
"problem_n",1,"Greek"
"problem_n",1,"Latin"
"above_adv",1,"Middle English"
"above_adv",1,"Old English"
"above_adv",1,"German"
"above_adv",1,"Old High German"
"above_adv",1,"Germanic"
"customary_adj",1,"Middle English"
"customary_adj",1,"French"
"customary_adj",1,"Old French"
"customary_adj",1,"Latin"
"identify_v",1,"French"
"inductive_adj",2,"French"
"inductive_adj",2,"Old French"
"inductive_adj",2,"Latin"
"name_n",1,"Dutch"
"name_n",1,"Middle Dutch"
"name_n",1,"Old English"
"name_n",1,"Frisian"
"name_n",1,"German"
"name_n",1,"Old High German"
"name_n",1,"Germanic"
"name_n",1,"Gothic"
"name_n",1,"Old Norse"
"deduction_n",1,"French"
"deduction_n",1,"Old French"
"deduction_n",1,"Greek"
"deduction_n",1,"Latin"
"induction_n",1,"French"
"induction_n",1,"Old French"
"induction_n",1,"Greek"
"induction_n",1,"Latin"
"logic_n",1,"French"
"logic_n",1,"Old French"
"logic_n",1,"Greek"
"logic_n",1,"Latin"
"geology_n",1,"German"
"geology_n",1,"Latin"
"difficult_adj",2,"French"
"difficult_adj",2,"Latin"
"task_n",1,"French"
"task_n",1,"Old French"
"task_n",1,"German"
"task_n",1,"Old High German"
"task_n",1,"Latin"
"try_v",1,"French"
"try_v",1,"Old French"
"try_v",1,"Ga"
"indicate_v",1,"Indic"
"indicate_v",1,"Latin"
"second_n",1,"Middle English"
"mention_n",1,"French"
"mention_n",1,"Old French"
"mention_n",1,"Latin"
"mention_v",1,"French"
"mention_v",1,"Old French"
"kernel_n",2,"Dutch"
"kernel_n",2,"Middle Dutch"
"kernel_n",2,"Old English"
"kernel_n",2,"German"
"kernel_n",2,"Middle High German"
"kernel_n",2,"Germanic"
"simple_adj",1,"Middle English"
"simple_adj",1,"French"
"simple_adj",1,"Old French"
"simple_adj",1,"Latin"
"trivial_adj",1,"Latin"
"derision_n",1,"French"
"derision_n",1,"Old French"
"derision_n",1,"Latin"
"refusal_n",1,"French"
"refusal_n",1,"Old French"
"understanding_n",1,"Old English"
"trite_adj",1,"Latin"
"remember_v",1,"Middle English"
"remember_v",1,"French"
"remember_v",1,"Old French"
"remember_v",1,"Latin"
"matter_n",1,"Danish"
"matter_n",1,"Dutch"
"matter_n",1,"Middle English"
"matter_n",1,"French"
"matter_n",1,"Old French"
"matter_n",1,"German"
"matter_n",1,"Greek"
"matter_n",1,"Italian"
"matter_n",1,"Latin"
"matter_n",1,"Portuguese"
"matter_n",1,"Spanish"
"passionate_adj",1,"Middle English"
"passionate_adj",1,"Latin"
"easy_adj",2,"Middle English"
"easy_adj",2,"Old English"
"easy_adj",2,"French"
"easy_adj",2,"Old French"
"easy_adj",2,"German"
"easy_adj",2,"Germanic"
"evidence_n",2,"French"
"evidence_n",2,"Old French"
"evidence_n",2,"Latin"
"few_adj",1,"Danish"
"few_adj",1,"Old English"
"few_adj",1,"Frisian"
"few_adj",1,"German"
"few_adj",1,"Old High German"
"few_adj",1,"Germanic"
"few_adj",1,"Old Norse"
"illustration_n",3,"French"
"illustration_n",3,"Old French"
"illustration_n",3,"Latin"
"clear_n",1,"Middle English"
"clear_n",1,"French"
"clear_n",1,"Old French"
"understand_v",1,"Danish"
"understand_v",1,"Middle English"
"understand_v",1,"Old English"
"understand_v",1,"Frisian"
"understand_v",1,"German"
"understand_v",1,"Germanic"
"understand_v",1,"Greek"
"understand_v",1,"Indo-European"
"understand_v",1,"Latin"
"understand_v",1,"Sanskrit"
"star_n",1,"Danish"
"star_n",1,"Dutch"
"star_n",1,"Middle English"
"star_n",1,"Old English"
"star_n",1,"Frisian"
"star_n",1,"German"
"star_n",1,"Old High German"
"star_n",1,"Germanic"
"star_n",1,"Gothic"
"star_n",1,"Old Norse"
"star_n",1,"Swedish"
"move_v",3,"Middle English"
"move_v",3,"French"
"move_v",3,"Old French"
"move_v",3,"Latin"
"absence_n",1,"French"
"absence_n",1,"Old French"
"absence_n",1,"Latin"
"contrary_adj",1,"French"
"contrary_adj",1,"Old French"
"contrary_adj",1,"Latin"
"allow_v",1,"Middle English"
"allow_v",1,"French"
"allow_v",1,"Old French"
"allow_v",1,"Latin"
"himself_pron",1,"Old English"
"appeal_n",2,"French"
"appeal_n",2,"Old French"
"once_adv",1,"Middle English"
"once_adv",1,"Old English"
"once_adv",1,"German"
"know_v",6,"Old English"
"know_v",6,"French"
"know_v",6,"German"
"know_v",6,"Old High German"
"know_v",6,"Germanic"
"know_v",6,"Latin"
"know_v",6,"Church Slavonic"
"know_v",6,"Old Church Slavonic"
"ascertain_v",1,"French"
"ascertain_v",1,"Old French"
"heavenly_adj",1,"Old English"
"body_n",1,"Middle English"
"body_n",1,"Old English"
"body_n",1,"French"
"body_n",1,"German"
"body_n",1,"Old High German"
"body_n",1,"Germanic"
"body_n",1,"Latin"
"accurate_adj",1,"Latin"
"ellipse_n",1,"French"
"ellipse_n",1,"Greek"
"ellipse_n",1,"Latin"
"pattern_n",2,"French"
"pattern_n",2,"Old French"
"astronomy_n",1,"French"
"astronomy_n",1,"Old French"
"astronomy_n",1,"Greek"
"astronomy_n",1,"Latin"
"owe_v",2,"Old English"
"owe_v",2,"Frisian"
"owe_v",2,"German"
"owe_v",2,"Old High German"
"owe_v",2,"Germanic"
"owe_v",2,"Gothic"
"owe_v",2,"Latin"
"owe_v",2,"Old Norse"
"courage_n",1,"Middle English"
"courage_n",1,"Old English"
"courage_n",1,"French"
"courage_n",1,"Old French"
"courage_n",1,"Italian"
"courage_n",1,"Latin"
"courage_n",1,"Spanish"
"insight_n",1,"Danish"
"insight_n",1,"Dutch"
"insight_n",1,"German"
"doctrine_n",3,"Middle English"
"doctrine_n",3,"French"
"doctrine_n",3,"Old French"
"doctrine_n",3,"Latin"
"population_n",1,"Latin"
"actual_adj",1,"French"
"actual_adj",1,"Old French"
"actual_adj",1,"Latin"
"erroneous_adj",1,"French"
"erroneous_adj",1,"Old French"
"erroneous_adj",1,"Latin"
"inquiry_n",1,"French"
"inquiry_n",1,"Latin"
"part_n",2,"Middle English"
"part_n",2,"Old English"
"part_n",2,"French"
"part_n",2,"Old French"
"part_n",2,"Latin"
"truly_adv",1,"Dutch"
"truly_adv",1,"Old English"
"truly_adv",1,"German"
"truly_adv",1,"Swedish"
"praise_n",1,"Middle English"
"blame_n",1,"French"
"blame_n",1,"Old French"
"consequence_n",2,"French"
"consequence_n",2,"Old French"
"consequence_n",2,"Latin"
"infer_v",1,"Latin"
"falsify_v",1,"French"
"falsify_v",1,"Old French"
"falsify_v",1,"Latin"
"conclusion_n",1,"French"
"conclusion_n",1,"Old French"
"conclusion_n",1,"Latin"
"impair_v",1,"French"
"impair_v",1,"Old French"
"impair_v",1,"Latin"
"objection_n",1,"French"
"objection_n",1,"Old French"
"objection_n",1,"Latin"
"horrible_adj",1,"French"
"horrible_adj",1,"Old French"
"horrible_adj",1,"Italian"
"horrible_adj",1,"Latin"
"horrible_adj",1,"Portuguese"
"horrible_adj",1,"Spanish"
"people_n",2,"Arabic"
"people_n",2,"French"
"people_n",2,"Old French"
"people_n",2,"Italian"
"people_n",2,"Latin"
"people_n",2,"Spanish"
"act_n",1,"Latin"
"all_adv",1,"Middle English"
"all_adv",1,"Old English"
"all_adv",1,"Frisian"
"all_adv",1,"German"
"all_adv",1,"Old High German"
"all_adv",1,"Germanic"
"all_adv",1,"Gothic"
"all_adv",1,"Old Norse"
"imply_v",1,"French"
"imply_v",1,"Old French"
"imply_v",1,"Latin"
"calm_adj",1,"French"
"calm_adj",1,"Old French"
"calm_adj",1,"Greek"
"calm_adj",1,"Italian"
"calm_adj",1,"Latin"
"determination_n",1,"French"
"determination_n",1,"Old French"
"determination_n",1,"Latin"
"treat_v",1,"French"
"treat_v",1,"Old French"
"treat_v",1,"Latin"
"phenomenon_n",1,"Greek"
"phenomenon_n",1,"Latin"
"eighteenth_adj",1,"Danish"
"eighteenth_adj",1,"Old English"
"eighteenth_adj",1,"German"
"eighteenth_adj",1,"Swedish"
"century_n",1,"Latin"
"revolution_n",1,"French"
"revolution_n",1,"Old French"
"revolution_n",1,"Latin"
"fairly_adv",1,"Old English"
"artificial_adj",1,"French"
"artificial_adj",1,"Old French"
"artificial_adj",1,"Latin"
"contortion_n",1,"French"
"contortion_n",1,"Old French"
"contortion_n",1,"Latin"
"philosophy_n",4,"Middle English"
"philosophy_n",4,"French"
"philosophy_n",4,"Old French"
"philosophy_n",4,"Greek"
"philosophy_n",4,"Latin"
"philosopher_n",2,"Old English"
"philosopher_n",2,"French"
"philosopher_n",2,"Old French"
"philosopher_n",2,"German"
"philosopher_n",2,"Greek"
"philosopher_n",2,"Latin"
"public_adj",1,"Old English"
"public_adj",1,"French"
"public_adj",1,"Old French"
"public_adj",1,"Latin"
"pervade_v",1,"Latin"
"allusion_n",1,"Latin"
"ion_n",1,"Greek"
"germ_n",1,"French"
"germ_n",1,"Latin"
"shell_n",1,"Middle English"
"shell_n",1,"Old English"
"shell_n",1,"Frisian"
"shell_n",1,"German"
"shell_n",1,"Low German"
"shell_n",1,"Germanic"
"shell_n",1,"Gothic"
"shell_n",1,"Italian"
"fish_n",1,"Dutch"
"fish_n",1,"Middle Dutch"
"fish_n",1,"Old English"
"fish_n",1,"Frisian"
"fish_n",1,"German"
"fish_n",1,"Old High German"
"fish_n",1,"Germanic"
"fish_n",1,"Gothic"
"fish_n",1,"Old Norse"
"quote_v",2,"Middle English"
"quote_v",2,"French"
"quote_v",2,"Old French"
"quote_v",2,"Latin"
"affair_n",2,"French"
"affair_n",2,"Old French"
"affair_n",2,"Latin"
"quotation_n",1,"Latin"
"acquire_v",1,"French"
"acquire_v",1,"Old French"
"acquire_v",1,"Latin"
"etiquette_n",1,"French"
"etiquette_n",1,"Old French"
"etiquette_n",1,"Italian"
"etiquette_n",1,"Spanish"
"book_n",1,"Middle English"
"book_n",1,"Old English"
"book_n",1,"French"
"book_n",1,"German"
"book_n",1,"Germanic"
"book_n",1,"Latin"
"book_n",1,"Sanskrit"
"involve_v",2,"French"
"involve_v",2,"Old French"
"involve_v",2,"Latin"
"suppression_n",1,"Latin"
"love_n",1,"Dutch"
"love_n",1,"Old English"
"love_n",1,"Frisian"
"love_n",1,"German"
"love_n",1,"Old High German"
"love_n",1,"Germanic"
"love_n",1,"Gothic"
"love_n",1,"Old Norse"
"hate_n",1,"Dutch"
"hate_n",1,"Middle English"
"hate_n",1,"Old English"
"hate_n",1,"Frisian"
"hate_n",1,"German"
"hate_n",1,"Old High German"
"hate_n",1,"Germanic"
"hate_n",1,"Gothic"
"hate_n",1,"Old Norse"
"material_adj",1,"French"
"material_adj",1,"Old French"
"material_adj",1,"Latin"
"belief_n",1,"Dutch"
"belief_n",1,"Middle Dutch"
"belief_n",1,"Old English"
"belief_n",1,"German"
"belief_n",1,"Old High German"
"belief_n",1,"Germanic"
"belief_n",1,"Latin"
"determine_v",1,"French"
"determine_v",1,"Old French"
"determine_v",1,"Latin"
"positive_adj",2,"French"
"positive_adj",2,"Old French"
"positive_adj",2,"Latin"
"negative_adj",2,"French"
"negative_adj",2,"Old French"
"negative_adj",2,"Latin"
"self_n",1,"Dutch"
"self_n",1,"Old English"
"self_n",1,"Frisian"
"self_n",1,"German"
"self_n",1,"Old High German"
"self_n",1,"Germanic"
"self_n",1,"Gothic"
"self_n",1,"Old Norse"
"absorption_n",1,"Latin"
"conceive_v",3,"French"
"conceive_v",3,"Old French"
"conceive_v",3,"Italian"
"conceive_v",3,"Latin"
"conceive_v",3,"Portuguese"
"conceive_v",3,"Spanish"
"feel_v",1,"Dutch"
"feel_v",1,"Old English"
"feel_v",1,"Frisian"
"feel_v",1,"German"
"feel_v",1,"Old High German"
"feel_v",1,"Germanic"
"feel_v",1,"Greek"
"feel_v",1,"Old Norse"
"home_n",1,"Danish"
"home_n",1,"Dutch"
"home_n",1,"Middle Dutch"
"home_n",1,"Old English"
"home_n",1,"Frisian"
"home_n",1,"German"
"home_n",1,"Germanic"
"home_n",1,"Gothic"
"home_n",1,"Old Norse"
"progressive_adj",1,"French"
"progressive_adj",1,"Latin"
"deteriorate_v",1,"Latin"
"example_n",1,"French"
"example_n",1,"Old French"
"example_n",1,"Latin"
"cosmic_adj",2,"Greek"
"cosmic_adj",2,"Latin"
"importance_n",1,"French"
"importance_n",1,"Latin"
"neutral_adj",1,"Latin"
"term_n",1,"Old English"
"term_n",1,"French"
"term_n",1,"Old French"
"term_n",1,"Greek"
"term_n",1,"Latin"
"arrive_v",2,"French"
"arrive_v",2,"Old French"
"arrive_v",2,"Latin"
"hardly_adv",1,"Danish"
"hardly_adv",1,"Old English"
"hardly_adv",1,"German"
"solid_adj",1,"French"
"solid_adj",1,"Old French"
"solid_adj",1,"Latin"
"massive_adj",1,"French"
"massive_adj",1,"Old French"
"epic_adj",1,"French"
"epic_adj",1,"Greek"
"epic_adj",1,"Latin"
"poem_n",1,"French"
"poem_n",1,"Greek"
"poem_n",1,"Latin"
"curiosity_n",1,"Middle English"
"curiosity_n",1,"French"
"curiosity_n",1,"Old French"
"curiosity_n",1,"Latin"
"source_n",2,"French"
"source_n",2,"Old French"
"source_n",2,"Latin"
"effort_n",1,"French"
"effort_n",1,"Old French"
"effort_n",1,"Ga"
"effort_n",1,"Italian"
"effort_n",1,"Latin"
"secret_n",1,"French"
"secret_n",1,"Old French"
"secret_n",1,"Latin"
"private_adj",1,"Old English"
"private_adj",1,"Latin"
"circumstance_n",1,"French"
"circumstance_n",1,"Old French"
"circumstance_n",1,"Greek"
"circumstance_n",1,"Latin"
"cycle_n",1,"French"
"cycle_n",1,"Old French"
"cycle_n",1,"Greek"
"cycle_n",1,"Latin"
"birth_n",1,"Dutch"
"birth_n",1,"Middle English"
"birth_n",1,"Old English"
"birth_n",1,"Frisian"
"birth_n",1,"German"
"birth_n",1,"Old High German"
"birth_n",1,"Germanic"
"birth_n",1,"Gothic"
"birth_n",1,"Old Norse"
"add_v",1,"Latin"
"splendid_adj",1,"Irish"
"splendid_adj",1,"Middle Irish"
"splendid_adj",1,"Latin"
"splendid_adj",1,"Lithuanian"
"inestimable_adj",1,"French"
"inestimable_adj",1,"Old French"
"inestimable_adj",1,"Latin"
"devote_v",1,"Latin"
"happy_adj",1,"Old English"
"happy_adj",1,"Greek"
"happy_adj",1,"Irish"
"happy_adj",1,"Welsh"
"open_adj",1,"Danish"
"open_adj",1,"Old English"
"open_adj",1,"Frisian"
"open_adj",1,"German"
"open_adj",1,"Old High German"
"open_adj",1,"Germanic"
"open_adj",1,"Gothic"
"open_adj",1,"Indo-European"
"open_adj",1,"Old Norse"
"open_adj",1,"Swedish"
"planet_n",1,"Old English"
"planet_n",1,"French"
"planet_n",1,"Old French"
"planet_n",1,"Greek"
"planet_n",1,"Latin"
